cell_id,c,a_v,a_t,b_v,b_t,c_v,c_t,d_v,d_t,e_v,e_t,f_v,f_t,g_v,g_t,h_v,h_t,i_v,i_t,j_v,j_t,k_v,k_t,l_v,l_t,m_v,m_t,n_v,n_t,o_v,o_t,p_v,p_t,q_v,q_t,r_v,r_t,s_v,s_t,t_v,t_t
0,0,99,104,92,97,10,103,0,116,51,106,0,66,0,101,1,93,0,102,0,92,0,0,0,113,0,87,0,76,0,106,0,102,0,107,0,92,0,111,0,81
1,0,21,102,0,105,1,91,7,90,81,81,0,0,1,103,0,102,0,97,1,101,0,97,0,87,0,111,0,95,0,95,0,116,0,110,0,103,0,98,0,115
2,0,0,109,111,117,43,103,105,108,51,99,0,0,0,98,0,90,1,109,0,105,0,112,0,102,0,108,0,95,0,90,0,106,0,99,1,103,0,116,0,90
3,0,86,91,55,92,0,101,0,100,48,112,106,106,0,0,0,107,0,104,1,98,0,94,0,101,0,101,0,108,0,113,0,90,0,92,0,99,0,0,0,0
4,0,91,91,92,112,30,99,48,85,89,112,0,82,0,97,0,98,1,110,0,87,1,101,1,116,0,88,1,104,0,0,1,106,0,97,0,86,0,93,1,101
5,0,3,96,28,95,0,104,91,100,0,0,0,0,0,91,0,94,0,97,0,106,0,95,0,105,2,89,1,110,0,115,0,84,0,108,0,105,0,96,0,99
6,0,17,91,24,87,6,87,7,105,48,112,1,102,0,108,0,98,0,91,0,107,0,91,0,96,0,105,0,0,1,92,0,0,0,106,1,111,0,106,0,90
7,0,1,88,64,91,89,90,96,96,14,82,109,109,0,90,0,88,0,108,0,113,0,102,1,93,0,112,0,106,0,108,0,97,0,92,0,0,0,94,0,93
8,0,47,103,3,95,10,104,6,105,7,108,99,102,10,92,1,111,1,82,0,112,0,110,0,118,0,112,0,97,0,128,0,88,0,102,0,109,0,97,0,95
9,0,88,92,85,104,61,109,76,110,82,90,93,93,2,98,0,95,0,106,0,106,0,96,0,0,0,104,0,104,0,100,0,99,0,89,0,112,0,103,0,94
10,0,9,104,48,104,0,90,46,93,95,108,59,96,77,101,1,102,0,79,0,102,0,99,0,0,0,100,0,96,0,99,0,101,0,82,1,94,0,85,0,109
11,0,0,97,49,91,0,88,17,95,1,81,5,101,90,93,0,88,0,92,0,101,0,93,0,94,0,109,0,108,0,0,0,0,0,91,0,105,0,101,0,90
12,0,79,103,71,99,123,123,112,113,101,111,117,121,0,98,0,103,0,103,0,87,0,101,0,113,0,115,0,114,0,101,0,93,0,86,0,92,1,112,0,95
13,1,101,103,90,117,0,114,0,87,94,102,32,102,63,106,15,98,0,106,1,108,0,92,0,95,0,108,0,86,0,110,0,0,0,100,0,99,0,107,0,112
14,1,4,105,92,94,114,115,1,105,100,111,92,98,0,100,2,104,0,102,1,98,0,90,0,134,0,114,0,88,0,113,0,111,0,93,0,100,0,97,0,90
15,1,3,107,87,95,56,92,0,0,55,83,51,100,0,103,53,103,0,97,1,95,0,106,1,101,0,113,0,92,0,91,0,97,0,102,0,106,0,102,1,119
16,1,0,98,0,101,2,104,105,108,68,84,77,96,0,99,0,0,0,95,1,94,0,101,0,100,1,99,0,109,0,90,1,89,0,125,0,79,0,123,0,100
17,1,38,108,0,0,96,117,95,95,12,90,19,104,0,91,52,93,0,104,0,119,0,101,0,100,0,99,0,104,0,80,0,110,1,92,0,89,1,79,1,114
18,1,22,112,101,101,0,94,1,105,0,112,24,113,0,111,93,93,77,103,0,85,0,97,0,105,0,107,0,93,0,103,0,105,0,112,0,98,0,73,0,103
19,1,88,118,94,94,100,100,99,99,110,112,6,104,4,81,3,104,102,103,0,92,0,107,0,115,0,87,0,87,1,92,0,94,1,112,0,102,0,95,0,110
20,1,89,109,96,97,11,92,56,94,9,117,96,103,1,81,80,124,58,91,0,112,1,98,0,113,0,104,0,117,0,113,0,87,1,108,1,92,0,0,0,92
21,1,14,107,0,0,5,101,81,85,104,104,3,84,51,101,10,106,0,100,0,96,0,101,0,99,0,104,0,99,0,89,0,99,0,107,0,121,0,131,0,86
22,1,9,116,77,99,0,86,18,96,12,113,116,116,4,98,82,104,31,93,0,104,0,98,0,99,0,102,0,103,0,78,0,105,1,76,0,0,0,100,0,97
23,1,0,92,95,102,94,111,14,103,5,90,0,98,0,103,75,97,0,0,54,85,0,100,0,94,0,98,0,122,0,95,0,103,0,107,0,108,0,74,0,85
24,1,104,105,97,98,35,87,0,95,6,100,0,0,62,87,29,94,0,109,108,114,0,96,0,99,0,89,0,93,0,113,0,102,0,97,0,100,0,103,0,95
25,1,4,103,97,98,4,106,93,108,90,90,16,90,86,99,0,90,0,101,82,94,0,91,0,107,0,98,0,97,0,86,0,103,0,93,0,113,0,103,0,102
26,1,95,95,24,90,22,94,0,0,92,97,85,100,21,104,82,104,0,105,106,107,0,101,0,102,0,93,0,102,0,96,0,114,0,90,0,93,0,97,0,94
27,1,105,105,1,103,1,94,1,104,75,108,11,93,12,98,39,98,0,103,0,86,0,92,1,93,0,103,1,97,0,93,0,90,0,0,0,84,0,99,0,82
28,1,95,95,7,103,10,90,1,93,0,96,79,86,114,114,14,91,0,89,98,99,1,96,0,113,0,103,0,85,0,106,0,97,0,88,0,96,0,105,0,99
29,1,39,89,0,93,84,95,100,100,82,99,6,95,56,89,89,89,0,101,23,79,0,101,0,0,0,109,0,90,0,84,0,97,0,95,0,112,0,91,0,85
30,1,4,93,91,91,44,88,110,110,103,107,2,100,92,93,96,100,0,107,0,97,1,103,0,102,0,105,0,96,1,89,0,97,0,111,0,100,0,105,0,114
31,1,107,107,24,102,94,115,98,100,73,91,19,83,28,105,0,0,1,113,0,96,99,104,1,110,0,91,0,103,0,95,0,101,0,0,0,95,0,100,0,97
32,1,2,82,98,98,36,109,0,0,104,106,25,115,3,112,73,117,0,86,0,91,1,94,1,95,0,110,0,90,0,108,0,107,0,95,1,83,0,87,0,89
33,1,72,72,0,102,112,112,16,114,32,92,68,87,0,115,100,102,0,102,0,88,15,118,0,103,0,95,0,105,1,96,0,102,0,100,0,118,0,102,0,109
34,1,100,100,0,111,0,106,13,123,12,109,93,93,91,91,12,116,0,95,0,95,0,97,0,0,0,120,0,86,0,105,0,83,0,0,0,108,0,104,0,111
35,1,94,94,18,96,12,92,2,98,2,91,23,72,123,123,109,109,0,84,0,109,0,107,0,98,1,117,0,111,0,105,0,95,0,85,0,100,0,112,0,98
36,1,1,106,1,110,94,100,90,100,97,110,1,98,79,111,0,102,0,85,0,106,0,100,0,114,1,87,0,102,0,102,0,106,0,86,0,98,0,98,0,101
37,1,105,105,26,96,112,112,0,88,0,86,1,103,0,84,2,85,0,113,0,96,0,105,7,93,0,96,0,87,0,85,0,93,0,99,0,102,0,90,0,95
38,2,109,115,57,104,38,117,100,100,102,102,75,99,0,110,0,98,0,107,0,102,0,93,0,108,90,90,0,109,0,102,0,99,0,92,0,105,0,98,1,96
39,2,93,93,8,110,1,96,85,111,1,112,3,93,0,111,0,108,0,87,1,110,0,0,0,98,0,77,0,93,0,75,1,83,0,112,0,106,0,110,0,107
40,2,6,103,117,118,13,96,36,89,42,96,88,116,0,91,0,110,0,88,0,104,0,90,0,102,88,88,0,100,0,93,0,110,0,92,0,102,0,99,0,94
41,2,81,100,89,89,119,119,0,0,105,105,25,93,0,92,0,109,0,91,1,84,0,108,0,94,0,102,0,92,0,106,0,114,0,114,0,105,0,84,0,99
42,2,19,76,107,107,97,98,7,88,110,110,105,105,0,111,0,120,0,92,0,96,0,110,0,110,82,89,0,91,0,93,0,85,0,107,0,112,0,75,0,101
43,2,0,93,53,91,11,113,2,111,0,93,13,102,0,106,0,100,0,0,0,100,0,88,0,102,107,107,0,118,0,95,0,112,0,99,0,101,0,95,1,100
44,2,1,110,0,73,105,105,30,91,88,96,86,93,0,115,0,85,0,104,0,90,0,0,0,106,36,112,0,102,0,102,0,82,0,94,1,111,1,108,0,109
45,2,60,97,78,127,68,91,94,101,30,93,38,96,1,97,0,103,0,95,0,88,0,97,0,85,98,107,0,91,0,114,0,115,0,108,0,102,0,92,0,109
46,2,56,98,101,102,66,90,101,101,29,84,90,90,1,94,0,94,0,108,0,113,0,98,1,102,0,102,0,99,1,94,0,108,0,106,0,107,0,84,0,93
47,2,3,100,0,0,91,92,81,81,75,107,87,96,0,104,0,105,0,103,0,85,0,91,0,88,94,94,0,105,0,106,0,105,0,91,0,113,0,109,0,79
48,2,90,93,37,112,0,95,1,99,69,105,6,102,0,113,0,121,0,84,0,91,0,93,0,95,78,87,1,88,0,95,0,98,0,115,0,95,0,103,0,93
49,2,33,107,102,102,91,92,15,98,33,113,6,88,0,96,0,114,0,97,0,90,0,83,0,86,89,101,0,90,0,99,0,84,1,102,0,102,0,0,0,0
50,2,49,85,91,98,33,98,109,109,7,99,108,109,0,95,0,96,0,106,0,0,0,104,0,110,6,95,0,104,0,94,0,109,0,97,1,103,0,100,0,93
51,2,1,86,2,87,0,0,93,93,21,102,51,110,0,115,0,84,0,77,0,119,0,89,0,103,0,82,0,102,0,104,0,108,0,97,0,98,0,112,1,119
52,2,0,109,102,102,95,107,78,102,90,91,1,94,0,91,0,104,0,112,0,88,0,89,0,97,18,110,98,98,0,100,0,89,0,90,1,102,0,105,0,98
53,2,22,90,86,100,32,106,90,101,26,106,2,104,0,95,0,90,0,0,0,79,0,101,0,76,85,96,86,102,0,101,0,93,0,102,0,118,0,113,0,87
54,2,5,111,5,102,1,104,0,114,83,90,6,98,1,110,0,94,1,113,0,90,0,0,0,117,15,74,61,93,0,107,0,100,0,98,0,99,1,93,0,99
55,2,14,85,95,95,0,104,31,103,5,98,16,110,0,0,0,100,0,0,0,80,1,98,0,95,59,101,106,108,0,108,0,97,0,115,0,90,0,97,0,126
56,2,7,102,0,98,79,95,102,102,59,97,1,114,0,110,1,104,1,96,0,106,0,97,0,90,50,100,104,112,0,90,0,101,0,97,0,98,0,85,0,92
57,2,0,83,99,100,96,102,109,109,0,94,6,109,0,98,0,77,0,107,0,95,0,89,0,111,0,0,0,100,0,102,0,108,0,114,0,86,0,92,0,95
58,2,93,95,0,111,31,97,85,87,102,103,2,78,0,77,0,101,0,102,0,113,0,111,0,106,66,96,1,117,0,94,0,119,0,100,0,0,0,117,0,95
59,2,93,112,79,91,0,93,0,105,103,103,0,109,0,108,0,92,0,0,0,103,0,99,0,101,94,102,0,86,5,111,0,0,0,90,0,96,0,105,0,96
60,2,100,107,95,96,16,87,110,110,2,102,65,98,0,109,0,105,0,120,0,100,0,115,0,100,43,109,0,106,105,106,0,78,0,84,0,102,0,116,0,92
61,2,99,100,94,94,26,105,59,110,9,113,68,104,0,0,0,116,0,97,0,74,0,97,0,101,6,98,0,94,51,97,0,105,0,107,0,83,0,100,0,99
62,2,8,94,73,92,64,110,59,92,1,106,100,102,0,104,0,98,0,86,0,104,0,101,0,95,37,104,0,113,95,100,0,79,0,94,0,104,1,108,0,86
63,2,44,109,7,92,102,110,1,97,80,111,58,88,0,93,0,99,0,97,0,91,0,101,0,96,1,100,1,99,9,108,0,104,0,105,0,108,0,104,0,105
64,2,100,100,34,100,21,92,101,101,94,94,22,102,0,113,0,110,0,87,0,101,1,111,0,104,3,113,0,112,101,101,0,99,0,103,0,98,0,91,0,98
65,2,65,105,45,105,3,104,41,103,24,95,98,99,1,106,0,101,0,78,0,98,0,98,0,99,28,102,0,122,0,106,0,108,0,98,0,103,0,76,0,120
66,2,40,105,88,88,101,101,0,0,1,101,72,118,1,89,0,100,1,90,0,106,0,104,0,120,80,109,0,101,0,101,100,100,0,94,0,84,0,80,0,109
67,2,0,108,38,101,77,92,1,114,97,97,70,105,1,112,0,90,0,85,0,106,0,110,0,124,5,88,0,102,0,100,31,84,0,104,0,122,0,104,0,104
68,2,0,105,65,100,44,79,114,117,101,112,93,117,1,108,1,83,0,101,0,106,0,101,0,87,8,114,0,102,0,105,103,104,0,98,0,89,0,98,0,103
69,2,14,114,95,111,97,99,2,88,0,110,14,114,0,86,0,106,0,91,0,105,0,98,0,107,111,111,0,104,0,99,93,96,0,109,0,113,0,110,0,88
70,2,92,95,50,104,11,108,57,91,15,90,0,99,0,0,0,114,0,85,1,102,0,115,0,101,70,104,0,100,0,94,105,106,0,80,0,79,0,104,0,0
71,2,97,102,0,103,0,96,53,105,0,102,4,84,0,93,0,96,0,83,0,101,1,89,1,93,0,0,0,102,0,116,92,106,0,84,0,101,0,119,0,112
72,2,66,107,0,90,109,109,0,106,101,107,2,83,0,103,0,100,1,103,0,96,0,106,0,91,13,110,0,99,1,105,0,93,18,105,0,109,1,103,0,128
73,2,104,104,101,107,0,83,120,120,0,87,0,0,0,85,0,98,0,95,0,84,0,97,0,100,18,87,0,99,0,106,0,92,36,100,0,80,0,99,1,84
74,2,0,98,0,100,2,107,3,84,2,97,41,99,0,99,0,105,0,106,0,0,0,102,0,0,3,103,0,104,0,0,0,107,0,74,0,105,0,0,0,102
75,2,102,103,1,84,32,84,0,92,22,92,87,87,0,104,0,106,0,87,0,98,0,91,0,96,93,93,0,0,0,0,0,124,0,109,0,90,0,92,0,105
76,2,87,95,4,102,119,120,40,110,13,81,0,114,0,104,0,88,0,86,0,107,0,111,0,100,21,99,0,123,0,100,0,105,7,101,0,85,0,86,0,105
77,2,37,110,108,117,102,103,76,124,50,97,57,96,0,98,0,97,0,96,0,102,0,91,0,98,97,97,0,92,0,98,0,109,7,83,0,107,0,100,0,94
78,3,0,0,53,108,88,88,121,129,0,0,93,93,97,97,0,108,0,91,0,96,0,122,0,110,0,86,0,98,0,112,0,85,0,104,99,99,0,116,0,106
79,3,44,114,0,93,100,100,105,112,0,94,3,118,47,96,0,88,0,113,0,96,0,92,0,96,0,92,0,105,0,109,0,102,0,117,100,100,0,104,0,78
80,3,104,107,111,111,38,91,1,107,0,0,129,129,47,76,0,93,0,97,0,0,0,111,0,72,0,108,1,89,0,108,0,113,0,100,89,90,0,100,0,73
81,3,0,0,9,88,4,116,62,76,0,111,87,91,0,102,0,91,0,102,0,111,0,100,0,91,0,99,0,114,0,96,0,94,0,91,27,102,0,101,0,0
82,3,22,92,83,100,3,102,83,102,0,0,0,105,0,88,0,0,0,0,0,90,0,99,0,96,0,96,0,121,0,104,0,99,0,103,91,91,0,114,0,102
83,3,6,116,94,96,0,0,6,96,0,94,109,109,102,115,0,97,0,104,0,85,0,100,0,100,0,104,0,108,0,105,0,102,0,114,65,71,0,109,0,100
84,3,12,115,104,105,4,84,43,95,1,114,52,114,1,93,0,107,0,110,0,123,0,100,0,102,0,98,0,0,0,118,1,106,0,79,33,97,0,94,0,86
85,3,88,92,90,90,96,100,92,92,0,89,0,100,47,88,0,84,0,102,0,92,0,101,0,92,0,87,0,122,0,105,1,95,0,90,80,98,1,111,0,100
86,3,105,107,65,91,0,0,10,98,0,97,101,102,69,86,0,101,0,110,0,121,0,106,0,94,0,110,0,97,0,90,0,95,1,105,0,112,0,103,1,116
87,3,0,86,0,101,80,83,82,100,0,85,34,107,22,92,0,94,0,98,1,101,0,95,0,81,0,97,0,92,0,84,0,100,0,95,74,93,3,109,0,107
88,3,37,91,69,101,0,0,102,106,0,97,9,91,92,92,0,102,0,99,0,90,0,104,0,96,0,112,0,119,0,92,0,0,0,94,0,97,35,96,0,106
89,3,91,91,7,109,9,90,4,108,0,95,13,96,0,99,0,99,0,103,0,100,0,100,0,107,0,114,0,91,0,95,1,90,0,79,0,112,88,88,0,101
90,3,110,113,89,99,27,89,49,80,0,103,1,102,1,90,0,98,0,81,0,113,0,108,0,91,0,92,0,88,0,85,0,0,0,84,101,112,0,0,0,117
91,3,54,99,7,93,90,100,49,117,0,85,99,105,89,89,0,93,0,91,0,107,0,102,0,80,0,106,0,85,0,103,0,102,1,89,0,0,75,95,0,111
92,3,0,103,91,91,6,94,94,105,0,87,75,94,2,123,0,89,0,88,0,92,0,103,0,91,0,99,0,104,0,113,0,95,0,94,100,100,70,107,0,99
93,3,0,93,119,119,96,108,92,92,1,108,92,97,110,114,0,107,0,94,0,99,0,84,0,105,0,0,0,105,0,109,0,92,0,102,12,99,2,87,0,93
94,3,0,0,64,79,33,75,46,92,1,103,1,110,2,94,0,107,0,102,1,96,0,110,0,122,0,99,0,101,0,84,0,104,0,89,0,108,1,111,0,81
95,3,91,91,18,98,110,110,82,114,0,0,45,97,86,90,0,105,0,96,0,97,0,80,0,89,0,93,0,101,0,106,0,74,0,107,90,90,0,108,0,100
96,3,20,109,45,107,95,98,96,101,0,107,107,108,76,92,1,87,0,77,0,79,0,77,0,0,0,90,0,81,0,101,0,104,0,126,36,102,1,106,1,95
97,3,4,92,92,92,35,103,124,124,0,89,38,107,1,91,0,117,0,91,0,98,0,0,0,87,0,110,1,100,0,99,0,100,0,97,116,116,0,91,93,110
98,3,0,94,31,92,102,102,3,95,0,111,1,101,111,116,0,83,0,106,0,85,0,91,0,100,0,89,0,103,0,109,0,93,0,93,2,99,0,92,75,96
99,3,0,92,0,98,72,77,6,99,0,106,2,98,0,99,0,106,0,103,0,108,0,91,0,93,0,83,0,97,0,100,0,90,0,106,0,0,0,114,88,88
