,c,TSHZ3-chr19-31768568_v,TSHZ3-chr19-31768568_t,TP53-chr17-7577548_v,TP53-chr17-7577548_t,TOX-chr8-59851979_v,TOX-chr8-59851979_t,STRN-chr2-37105068_v,STRN-chr2-37105068_t,SPEN-chr1-16258997_v,SPEN-chr1-16258997_t,SPEN-chr1-16202934_v,SPEN-chr1-16202934_t,PTPRD-chr9-10074741_v,PTPRD-chr9-10074741_t,PRKCB-chr16-24230186_v,PRKCB-chr16-24230186_t,PIK3CG-chr7-106508397_v,PIK3CG-chr7-106508397_t,NRAS-chr1-115258747_v,NRAS-chr1-115258747_t,NR4A3-chr9-102595561_v,NR4A3-chr9-102595561_t,NR3C2-chr4-149357051_v,NR3C2-chr4-149357051_t,MYH11-chr16-15917267_v,MYH11-chr16-15917267_t,MN1-chr22-28193785_v,MN1-chr22-28193785_t,LRP1B-chr2-141609298_v,LRP1B-chr2-141609298_t,LINGO2-chr9-29178757_v,LINGO2-chr9-29178757_t,LINGO2-chr9-29123273_v,LINGO2-chr9-29123273_t,LINGO2-chr9-29117698_v,LINGO2-chr9-29117698_t,LINGO2-chr9-28778389_v,LINGO2-chr9-28778389_t,LINGO2-chr9-28064983_v,LINGO2-chr9-28064983_t,LAMB4-chr7-107732769_v,LAMB4-chr7-107732769_t,IL7R-chr5-35876645_v,IL7R-chr5-35876645_t,IL21R-chr16-27448836_v,IL21R-chr16-27448836_t,HELZ-chr17-65119071_v,HELZ-chr17-65119071_t,FUS-chr16-31193877_v,FUS-chr16-31193877_t,FHIT-chr3-60412480_v,FHIT-chr3-60412480_t,F8-chrX-154157378_v,F8-chrX-154157378_t,EPHB6-chr7-142566125_v,EPHB6-chr7-142566125_t,CIITA-chr16-11002009_v,CIITA-chr16-11002009_t,CHN1-chr2-175779934_v,CHN1-chr2-175779934_t,CDK4-chr12-58144548_v,CDK4-chr12-58144548_t,ATR-chr3-142269072_v,ATR-chr3-142269072_t,ATP7B-chr13-52534322_v,ATP7B-chr13-52534322_t,APC-chr5-112175328_v,APC-chr5-112175328_t,APC-chr5-112164646_v,APC-chr5-112164646_t,ALK-chr2-29416591_v,ALK-chr2-29416591_t
MA-25,0,0.0,66.0,4.0,843.0,0.0,154.0,0.0,2.0,0.0,1260.0,0.0,689.0,0.0,97.0,0.0,64.0,0.0,61.0,1.0,492.0,0.0,198.0,1.0,1583.0,0.0,118.0,0.0,1373.0,0.0,302.0,0.0,20.0,0.0,65.0,0.0,2.0,0.0,46.0,0.0,52.0,0.0,33.0,1.0,232.0,2.0,19.0,0.0,279.0,0.0,36.0,0.0,3.0,0.0,31.0,0.0,5.0,0.0,3.0,0.0,109.0,1.0,100.0,0.0,199.0,0.0,4.0,0.0,1533.0,4.0,1167.0,0.0,65.0
MA-26,0,0.0,149.0,1.0,2423.0,0.0,1182.0,0.0,13.0,0.0,2963.0,0.0,8.0,0.0,1.0,0.0,38.0,0.0,97.0,6.0,1129.0,0.0,88.0,0.0,220.0,0.0,117.0,1.0,14.0,0.0,616.0,0.0,26.0,0.0,43.0,0.0,40.0,0.0,14.0,0.0,4.0,0.0,0.0,2.0,1853.0,0.0,45.0,1.0,148.0,1.0,8.0,0.0,94.0,0.0,68.0,0.0,57.0,0.0,163.0,0.0,361.0,0.0,531.0,0.0,18.0,0.0,2.0,0.0,367.0,1.0,456.0,0.0,800.0
MA-27,3,5.0,81.0,1440.0,1441.0,532.0,532.0,191.0,208.0,5.0,753.0,0.0,1359.0,0.0,11.0,15.0,399.0,6.0,1593.0,65.0,65.0,1.0,12.0,0.0,2.0,10.0,650.0,534.0,537.0,1.0,329.0,0.0,9.0,22.0,43.0,33.0,33.0,2.0,161.0,0.0,237.0,0.0,31.0,0.0,90.0,36.0,36.0,58.0,77.0,0.0,11.0,0.0,393.0,5.0,90.0,0.0,151.0,0.0,241.0,0.0,435.0,1035.0,1061.0,0.0,67.0,2.0,82.0,3.0,179.0,53.0,54.0,0.0,973.0
MA-28,2,0.0,12.0,67.0,69.0,4.0,4.0,18.0,199.0,148.0,1131.0,0.0,187.0,0.0,34.0,1.0,885.0,6.0,26.0,17.0,18.0,0.0,210.0,0.0,12.0,75.0,91.0,4.0,60.0,0.0,61.0,0.0,68.0,329.0,432.0,273.0,273.0,25.0,103.0,8.0,318.0,120.0,121.0,0.0,185.0,14.0,20.0,0.0,31.0,0.0,210.0,0.0,45.0,405.0,689.0,0.0,127.0,0.0,2.0,0.0,14.0,100.0,863.0,2.0,450.0,1.0,37.0,5.0,240.0,134.0,188.0,0.0,1087.0
MA-29,2,0.0,213.0,559.0,559.0,19.0,20.0,0.0,5.0,0.0,73.0,0.0,265.0,0.0,97.0,0.0,481.0,0.0,4.0,104.0,104.0,0.0,543.0,0.0,444.0,17.0,48.0,6.0,16.0,0.0,585.0,2.0,55.0,1.0,40.0,68.0,71.0,0.0,36.0,5.0,109.0,0.0,12.0,0.0,24.0,0.0,26.0,0.0,280.0,9.0,44.0,0.0,40.0,5.0,419.0,0.0,252.0,0.0,16.0,3.0,95.0,40.0,43.0,0.0,781.0,3.0,495.0,0.0,9.0,27.0,80.0,0.0,1092.0
MA-30,3,5.0,56.0,103.0,107.0,102.0,103.0,11.0,27.0,0.0,104.0,1.0,438.0,3.0,5.0,26.0,102.0,0.0,100.0,177.0,178.0,3.0,5.0,0.0,9.0,219.0,624.0,584.0,594.0,0.0,19.0,0.0,245.0,1.0,163.0,221.0,221.0,0.0,32.0,0.0,35.0,0.0,28.0,0.0,62.0,7.0,184.0,18.0,299.0,0.0,84.0,1.0,4.0,0.0,3843.0,0.0,28.0,0.0,249.0,49.0,104.0,228.0,229.0,0.0,35.0,47.0,915.0,25.0,211.0,46.0,47.0,1.0,328.0
MA-31,3,21.0,236.0,47.0,52.0,317.0,328.0,222.0,545.0,1.0,5199.0,0.0,233.0,2.0,155.0,0.0,728.0,1.0,427.0,4132.0,4143.0,13.0,70.0,1.0,572.0,4.0,451.0,3.0,2404.0,0.0,116.0,1.0,20.0,1.0,30.0,34.0,35.0,0.0,254.0,0.0,129.0,0.0,72.0,0.0,14.0,217.0,224.0,0.0,370.0,99.0,119.0,0.0,113.0,2.0,4489.0,0.0,27.0,0.0,585.0,25.0,45.0,2.0,766.0,1.0,165.0,555.0,895.0,52.0,239.0,8.0,9.0,2.0,4007.0
MA-32,3,49.0,65.0,24.0,26.0,316.0,614.0,2.0,26.0,3.0,694.0,0.0,1252.0,0.0,944.0,0.0,71.0,0.0,113.0,769.0,774.0,21.0,158.0,0.0,288.0,24.0,42.0,1.0,16.0,0.0,23.0,1.0,16.0,0.0,46.0,31.0,31.0,2.0,46.0,0.0,32.0,0.0,12.0,0.0,140.0,6.0,55.0,0.0,188.0,0.0,148.0,2.0,2.0,5.0,59.0,0.0,71.0,0.0,815.0,1.0,256.0,51.0,95.0,0.0,148.0,105.0,636.0,9.0,40.0,18.0,29.0,1.0,1390.0
MA-33,2,0.0,94.0,334.0,334.0,0.0,15.0,4.0,43.0,95.0,219.0,0.0,2.0,6.0,44.0,0.0,364.0,0.0,3.0,474.0,474.0,0.0,62.0,0.0,11.0,0.0,331.0,1.0,430.0,0.0,382.0,0.0,27.0,8.0,41.0,58.0,59.0,189.0,212.0,0.0,55.0,0.0,0.0,2.0,265.0,0.0,1.0,0.0,16.0,5.0,9.0,0.0,0.0,211.0,665.0,0.0,1735.0,0.0,1159.0,0.0,0.0,1288.0,1295.0,2.0,705.0,4.0,272.0,297.0,444.0,90.0,243.0,0.0,1181.0
MA-34,3,5.0,124.0,61.0,65.0,448.0,453.0,230.0,273.0,1.0,7892.0,0.0,523.0,98.0,115.0,0.0,51.0,0.0,134.0,407.0,408.0,41.0,235.0,1.0,297.0,12.0,19.0,0.0,121.0,1.0,70.0,2.0,111.0,4.0,30.0,28.0,28.0,0.0,13.0,0.0,59.0,0.0,1916.0,2.0,677.0,522.0,542.0,0.0,81.0,13.0,21.0,0.0,124.0,3.0,7.0,1.0,229.0,0.0,10.0,3.0,6.0,158.0,164.0,0.0,135.0,329.0,2822.0,68.0,974.0,1477.0,1481.0,0.0,668.0
MA-35,2,1.0,802.0,119.0,120.0,2.0,19.0,32.0,68.0,5.0,2056.0,0.0,190.0,187.0,207.0,0.0,212.0,0.0,189.0,1512.0,1514.0,0.0,50.0,0.0,63.0,3.0,32.0,0.0,5.0,0.0,28.0,0.0,713.0,13.0,37.0,28.0,28.0,3.0,42.0,2.0,116.0,9.0,353.0,95.0,111.0,7.0,7.0,0.0,219.0,48.0,206.0,0.0,69.0,71.0,82.0,1.0,36.0,0.0,40.0,7.0,7.0,655.0,666.0,0.0,457.0,0.0,1813.0,5.0,2316.0,1508.0,1508.0,0.0,11.0
MA-36,3,748.0,750.0,71.0,72.0,613.0,637.0,25.0,31.0,0.0,4418.0,0.0,66.0,2.0,229.0,19.0,73.0,1.0,840.0,895.0,896.0,0.0,39.0,1.0,25.0,143.0,184.0,7.0,105.0,0.0,8.0,0.0,77.0,42.0,131.0,114.0,115.0,0.0,238.0,1.0,31.0,0.0,13.0,12.0,57.0,46.0,47.0,4.0,16.0,68.0,72.0,151.0,158.0,0.0,38.0,0.0,67.0,0.0,408.0,40.0,133.0,16.0,119.0,2.0,845.0,67.0,800.0,324.0,334.0,24.0,868.0,0.0,1622.0
MA-37,2,0.0,10.0,2632.0,2635.0,2.0,321.0,329.0,354.0,2.0,3926.0,1.0,731.0,2.0,81.0,0.0,452.0,6.0,32.0,67.0,67.0,1.0,274.0,0.0,512.0,0.0,55.0,3.0,4.0,0.0,4.0,2.0,66.0,21.0,127.0,147.0,147.0,0.0,144.0,21.0,43.0,0.0,105.0,504.0,547.0,2.0,17.0,7.0,21.0,0.0,18.0,0.0,34.0,0.0,83.0,0.0,374.0,0.0,308.0,718.0,741.0,111.0,473.0,0.0,109.0,0.0,560.0,83.0,94.0,1.0,1.0,0.0,380.0
MA-38,3,82.0,574.0,883.0,885.0,103.0,113.0,16.0,647.0,0.0,527.0,0.0,609.0,46.0,53.0,12.0,278.0,5.0,849.0,3638.0,3649.0,4.0,28.0,5.0,325.0,3.0,32.0,118.0,118.0,0.0,15.0,1.0,253.0,0.0,31.0,35.0,35.0,0.0,453.0,0.0,148.0,0.0,110.0,2.0,1462.0,5.0,11.0,73.0,74.0,3.0,116.0,0.0,1.0,0.0,890.0,1.0,2432.0,0.0,80.0,0.0,9.0,2.0,195.0,0.0,333.0,3.0,90.0,0.0,2.0,34.0,34.0,0.0,2251.0
MA-39,3,0.0,4.0,267.0,268.0,310.0,325.0,3.0,28.0,1.0,1715.0,1.0,393.0,60.0,136.0,0.0,197.0,0.0,79.0,78.0,78.0,3.0,50.0,3.0,76.0,38.0,119.0,0.0,327.0,0.0,4.0,0.0,8.0,3.0,10.0,12.0,13.0,0.0,160.0,1.0,894.0,0.0,140.0,0.0,477.0,5.0,69.0,192.0,464.0,2.0,4.0,1.0,216.0,0.0,1238.0,0.0,44.0,0.0,90.0,3.0,296.0,48.0,59.0,0.0,905.0,40.0,1316.0,1.0,767.0,663.0,679.0,0.0,1190.0
MA-40,2,2.0,2030.0,19.0,20.0,18.0,248.0,124.0,304.0,0.0,137.0,1.0,174.0,0.0,93.0,0.0,1569.0,29.0,50.0,23.0,26.0,0.0,155.0,0.0,96.0,59.0,227.0,3.0,5.0,0.0,568.0,0.0,47.0,79.0,87.0,1642.0,1644.0,0.0,26.0,0.0,377.0,29.0,33.0,0.0,94.0,4.0,4.0,0.0,21.0,2.0,17.0,0.0,141.0,7.0,1026.0,1.0,37.0,0.0,27.0,7.0,187.0,330.0,335.0,0.0,350.0,1.0,477.0,30.0,1170.0,687.0,775.0,0.0,858.0
MA-41,3,38.0,51.0,34.0,35.0,52.0,53.0,0.0,74.0,0.0,6985.0,0.0,33.0,0.0,223.0,55.0,135.0,0.0,87.0,3.0,3.0,1.0,33.0,0.0,62.0,170.0,173.0,27.0,27.0,0.0,31.0,0.0,0.0,1.0,50.0,42.0,42.0,0.0,79.0,0.0,25.0,0.0,0.0,1.0,236.0,4.0,5.0,0.0,2.0,15.0,16.0,1.0,10.0,0.0,216.0,1.0,167.0,0.0,13.0,14.0,155.0,778.0,796.0,1.0,1110.0,1.0,93.0,1.0,120.0,4.0,4.0,0.0,89.0
MA-42,3,8.0,15.0,816.0,818.0,8.0,29.0,36.0,164.0,0.0,2827.0,0.0,56.0,238.0,300.0,0.0,230.0,7.0,1853.0,7642.0,7647.0,2.0,62.0,1.0,8.0,9.0,22.0,1.0,63.0,0.0,44.0,0.0,6.0,0.0,646.0,645.0,645.0,0.0,50.0,0.0,45.0,0.0,206.0,0.0,479.0,217.0,226.0,9.0,23.0,93.0,252.0,3.0,3.0,0.0,560.0,0.0,229.0,0.0,8.0,0.0,22.0,6.0,940.0,0.0,75.0,13.0,1842.0,2.0,10.0,103.0,108.0,0.0,151.0
MA-43,3,136.0,236.0,8.0,11.0,304.0,305.0,0.0,2.0,2.0,4820.0,0.0,1014.0,3.0,312.0,97.0,127.0,0.0,17.0,377.0,378.0,9.0,91.0,0.0,21.0,0.0,103.0,0.0,8.0,0.0,193.0,1.0,19.0,4.0,17.0,21.0,21.0,0.0,26.0,0.0,126.0,0.0,41.0,0.0,234.0,7.0,24.0,264.0,769.0,113.0,118.0,173.0,173.0,0.0,1.0,0.0,33.0,0.0,15.0,1.0,48.0,18.0,28.0,2.0,108.0,571.0,827.0,4.0,21.0,20.0,30.0,0.0,806.0
MA-44,3,1.0,365.0,581.0,582.0,0.0,2.0,0.0,40.0,6.0,2227.0,0.0,335.0,0.0,15.0,0.0,544.0,3.0,550.0,1702.0,1704.0,0.0,184.0,0.0,124.0,16.0,19.0,0.0,381.0,0.0,154.0,0.0,142.0,2.0,99.0,46.0,46.0,0.0,25.0,0.0,74.0,0.0,28.0,0.0,14.0,4.0,8.0,19.0,33.0,414.0,530.0,0.0,104.0,0.0,109.0,0.0,162.0,0.0,149.0,0.0,83.0,631.0,1200.0,0.0,3894.0,2.0,226.0,332.0,448.0,77.0,923.0,0.0,727.0
MA-45,2,0.0,65.0,43.0,47.0,48.0,164.0,14.0,259.0,330.0,504.0,0.0,1.0,1.0,199.0,0.0,34.0,0.0,307.0,31.0,31.0,0.0,483.0,0.0,82.0,0.0,99.0,3.0,25.0,0.0,455.0,0.0,39.0,16.0,58.0,13.0,13.0,0.0,5.0,292.0,504.0,2.0,11.0,87.0,115.0,260.0,379.0,0.0,41.0,128.0,349.0,0.0,0.0,0.0,191.0,0.0,135.0,0.0,466.0,1.0,16.0,3330.0,5685.0,0.0,1289.0,8.0,1085.0,1.0,19.0,65.0,67.0,0.0,24.0
MA-46,3,5.0,332.0,41.0,42.0,39.0,178.0,33.0,84.0,0.0,1406.0,0.0,42.0,92.0,166.0,64.0,150.0,6.0,1240.0,416.0,419.0,1.0,2.0,0.0,632.0,2.0,8.0,128.0,774.0,0.0,621.0,0.0,305.0,380.0,394.0,386.0,386.0,0.0,54.0,0.0,163.0,0.0,49.0,0.0,5.0,79.0,80.0,13.0,36.0,109.0,118.0,14.0,17.0,0.0,18.0,0.0,503.0,0.0,361.0,9.0,188.0,5026.0,5034.0,0.0,102.0,371.0,1828.0,2.0,66.0,18.0,23.0,1.0,58.0
MA-47,3,0.0,86.0,173.0,174.0,153.0,163.0,7.0,170.0,0.0,7132.0,0.0,2268.0,0.0,11.0,0.0,222.0,4.0,873.0,70.0,71.0,11.0,32.0,2.0,53.0,0.0,572.0,0.0,0.0,0.0,477.0,0.0,9.0,3.0,12.0,12.0,12.0,0.0,316.0,0.0,63.0,0.0,6.0,0.0,233.0,0.0,2.0,0.0,35.0,21.0,29.0,15.0,102.0,0.0,119.0,1.0,556.0,0.0,16.0,2.0,240.0,107.0,117.0,0.0,1495.0,343.0,469.0,109.0,141.0,0.0,174.0,1.0,411.0
MA-48,3,3.0,61.0,1.0,4.0,117.0,120.0,11.0,25.0,0.0,900.0,0.0,124.0,0.0,40.0,5.0,2351.0,0.0,67.0,1338.0,1340.0,162.0,182.0,1.0,137.0,17.0,22.0,1.0,62.0,0.0,43.0,2.0,128.0,22.0,180.0,42.0,42.0,0.0,45.0,0.0,8.0,0.0,6.0,0.0,61.0,355.0,355.0,0.0,43.0,38.0,65.0,0.0,19.0,0.0,207.0,0.0,223.0,0.0,967.0,0.0,29.0,111.0,680.0,0.0,153.0,1.0,82.0,904.0,1100.0,101.0,1026.0,0.0,1686.0
MA-84,3,2.0,6.0,248.0,250.0,90.0,91.0,130.0,655.0,0.0,1262.0,0.0,220.0,69.0,84.0,89.0,119.0,0.0,4.0,52.0,54.0,0.0,83.0,0.0,7.0,186.0,422.0,12.0,89.0,0.0,1108.0,0.0,43.0,12.0,13.0,3.0,3.0,0.0,578.0,0.0,18.0,0.0,16.0,0.0,25.0,186.0,227.0,0.0,206.0,0.0,10.0,15.0,33.0,0.0,466.0,0.0,438.0,0.0,248.0,0.0,18.0,233.0,508.0,0.0,412.0,3.0,25.0,1.0,32.0,25.0,74.0,0.0,1864.0
MA-85,2,0.0,139.0,9.0,9.0,26.0,107.0,110.0,114.0,7.0,410.0,0.0,44.0,1.0,9.0,0.0,26.0,12.0,39.0,382.0,382.0,0.0,78.0,0.0,69.0,3.0,98.0,102.0,791.0,0.0,773.0,0.0,83.0,4.0,6.0,4.0,4.0,22.0,70.0,0.0,1.0,11.0,18.0,1.0,382.0,214.0,214.0,0.0,270.0,0.0,79.0,0.0,123.0,55.0,62.0,0.0,556.0,0.0,342.0,56.0,57.0,443.0,1141.0,0.0,1353.0,2.0,1056.0,0.0,11.0,1.0,112.0,1.0,455.0
MA-86,2,2.0,558.0,12.0,13.0,118.0,1110.0,0.0,25.0,325.0,1712.0,0.0,1658.0,5.0,13.0,3.0,351.0,13.0,552.0,383.0,388.0,0.0,196.0,0.0,265.0,15.0,31.0,25.0,37.0,1.0,404.0,0.0,23.0,8.0,271.0,293.0,295.0,142.0,161.0,19.0,26.0,0.0,35.0,2.0,124.0,18.0,53.0,0.0,104.0,0.0,48.0,2.0,45.0,4.0,19.0,2.0,168.0,0.0,35.0,51.0,53.0,562.0,573.0,2.0,130.0,3.0,977.0,183.0,213.0,11.0,74.0,0.0,801.0
MA-87,3,2.0,836.0,120.0,121.0,908.0,909.0,5.0,7.0,0.0,3918.0,0.0,301.0,533.0,693.0,290.0,449.0,0.0,105.0,22.0,22.0,18.0,28.0,0.0,248.0,1.0,13.0,2.0,184.0,0.0,6.0,1.0,99.0,6.0,12.0,6.0,6.0,0.0,52.0,0.0,54.0,0.0,24.0,0.0,264.0,28.0,28.0,0.0,4.0,44.0,65.0,21.0,58.0,0.0,27.0,1.0,22.0,0.0,23.0,225.0,268.0,3.0,3.0,0.0,61.0,2.0,16.0,5.0,74.0,185.0,270.0,0.0,88.0
MA-88,3,0.0,7.0,617.0,619.0,218.0,223.0,9.0,52.0,0.0,275.0,0.0,767.0,1.0,38.0,0.0,226.0,0.0,1.0,263.0,264.0,1.0,2.0,0.0,1770.0,0.0,3.0,0.0,0.0,0.0,90.0,2.0,17.0,3.0,119.0,23.0,23.0,0.0,66.0,0.0,402.0,0.0,52.0,0.0,155.0,3.0,7.0,0.0,113.0,4.0,558.0,0.0,7.0,0.0,17.0,0.0,71.0,0.0,449.0,0.0,280.0,155.0,161.0,0.0,743.0,19.0,33.0,101.0,1155.0,1687.0,1833.0,0.0,740.0
MA-89,3,5.0,1336.0,318.0,320.0,15.0,42.0,28.0,37.0,0.0,460.0,0.0,149.0,0.0,118.0,344.0,723.0,1.0,220.0,757.0,758.0,9.0,13.0,0.0,33.0,221.0,355.0,13.0,121.0,0.0,32.0,0.0,11.0,1.0,14.0,8.0,9.0,0.0,183.0,0.0,101.0,0.0,32.0,0.0,79.0,18.0,27.0,0.0,32.0,5.0,11.0,2.0,24.0,0.0,1173.0,0.0,360.0,0.0,25.0,0.0,10.0,3.0,63.0,0.0,635.0,529.0,599.0,0.0,151.0,102.0,102.0,0.0,270.0
MA-90,3,0.0,6.0,5.0,6.0,188.0,216.0,1091.0,1099.0,14.0,833.0,0.0,482.0,2.0,161.0,0.0,186.0,5.0,85.0,3.0,3.0,41.0,53.0,0.0,307.0,24.0,26.0,439.0,441.0,0.0,13.0,0.0,139.0,44.0,329.0,353.0,356.0,9.0,89.0,0.0,47.0,0.0,209.0,0.0,712.0,582.0,628.0,0.0,18.0,26.0,161.0,2.0,227.0,0.0,251.0,1.0,9.0,0.0,62.0,2.0,100.0,6.0,33.0,0.0,132.0,12.0,362.0,5.0,1714.0,2462.0,2467.0,1.0,5850.0
MA-91,2,1.0,73.0,74.0,74.0,33.0,100.0,11.0,20.0,624.0,2224.0,0.0,266.0,1.0,60.0,0.0,103.0,136.0,267.0,93.0,93.0,2.0,153.0,0.0,131.0,649.0,727.0,464.0,516.0,0.0,101.0,7.0,35.0,2.0,48.0,75.0,79.0,163.0,330.0,1.0,21.0,32.0,43.0,0.0,2.0,5.0,10.0,0.0,231.0,8.0,96.0,0.0,278.0,0.0,206.0,0.0,63.0,0.0,139.0,1.0,9.0,5.0,443.0,0.0,762.0,1.0,215.0,170.0,183.0,6.0,225.0,0.0,269.0
MA-92,3,0.0,141.0,71.0,72.0,70.0,148.0,21.0,26.0,2.0,5131.0,0.0,18.0,94.0,258.0,0.0,49.0,0.0,45.0,382.0,382.0,137.0,517.0,0.0,70.0,2.0,29.0,1.0,436.0,0.0,208.0,0.0,15.0,1.0,103.0,65.0,66.0,0.0,66.0,0.0,306.0,1.0,306.0,0.0,7.0,14.0,20.0,2.0,180.0,0.0,27.0,0.0,0.0,0.0,100.0,0.0,17.0,0.0,140.0,27.0,41.0,0.0,3990.0,0.0,1486.0,17.0,1018.0,2.0,194.0,294.0,297.0,0.0,148.0
MA-93,3,0.0,76.0,36.0,37.0,67.0,150.0,99.0,130.0,0.0,3493.0,0.0,158.0,2.0,252.0,1.0,2.0,1.0,122.0,17.0,17.0,36.0,48.0,0.0,262.0,24.0,392.0,1.0,19.0,0.0,299.0,0.0,60.0,0.0,1.0,8.0,8.0,0.0,91.0,0.0,110.0,0.0,4.0,0.0,33.0,333.0,335.0,116.0,153.0,16.0,100.0,12.0,15.0,0.0,103.0,1.0,30.0,0.0,61.0,1.0,7.0,11.0,224.0,0.0,889.0,14.0,107.0,18.0,53.0,34.0,136.0,2.0,344.0
MA-95,3,0.0,33.0,721.0,721.0,156.0,161.0,10.0,62.0,0.0,2677.0,0.0,1060.0,19.0,50.0,1.0,18.0,0.0,96.0,1942.0,1946.0,6.0,76.0,0.0,27.0,3.0,4.0,0.0,3.0,0.0,85.0,0.0,17.0,202.0,229.0,240.0,240.0,1.0,704.0,0.0,21.0,1.0,326.0,0.0,3.0,2.0,65.0,0.0,27.0,11.0,16.0,12.0,20.0,1.0,2290.0,0.0,20.0,0.0,64.0,0.0,149.0,10.0,155.0,0.0,299.0,29.0,210.0,35.0,588.0,1026.0,1030.0,0.0,337.0
MD-10,0,0.0,794.0,0.0,1773.0,0.0,19.0,0.0,41.0,0.0,768.0,1.0,29.0,0.0,180.0,1.0,313.0,2.0,413.0,0.0,40.0,0.0,2.0,0.0,21.0,0.0,8.0,0.0,123.0,0.0,2.0,0.0,11.0,0.0,34.0,0.0,19.0,0.0,314.0,0.0,26.0,0.0,171.0,0.0,4.0,3.0,9.0,1.0,1.0,0.0,4.0,0.0,23.0,0.0,4.0,0.0,4.0,0.0,42.0,2.0,323.0,3.0,2822.0,0.0,1171.0,1.0,158.0,0.0,457.0,0.0,442.0,0.0,31.0
MD-11,0,0.0,2.0,0.0,120.0,0.0,547.0,1.0,1519.0,0.0,113.0,0.0,1050.0,0.0,34.0,0.0,604.0,0.0,26.0,1.0,1668.0,0.0,29.0,1.0,11.0,0.0,197.0,0.0,0.0,1.0,90.0,0.0,23.0,0.0,22.0,0.0,49.0,0.0,543.0,0.0,295.0,0.0,34.0,0.0,268.0,0.0,353.0,0.0,67.0,0.0,92.0,0.0,401.0,0.0,16.0,0.0,5.0,0.0,14.0,0.0,4.0,0.0,6.0,0.0,494.0,1.0,545.0,0.0,1835.0,1.0,748.0,0.0,915.0
MD-12,0,0.0,633.0,23.0,34.0,11.0,139.0,6.0,10.0,1.0,210.0,0.0,620.0,0.0,148.0,0.0,45.0,3.0,673.0,3.0,118.0,0.0,23.0,1.0,979.0,1.0,42.0,6.0,10.0,1.0,31.0,1.0,21.0,0.0,74.0,1.0,54.0,0.0,61.0,0.0,6.0,0.0,18.0,0.0,42.0,0.0,208.0,0.0,122.0,0.0,43.0,0.0,6.0,2.0,5.0,0.0,71.0,0.0,51.0,0.0,16.0,13.0,54.0,0.0,368.0,0.0,841.0,4.0,2971.0,4.0,2065.0,1.0,52.0
MD-13,0,0.0,356.0,1.0,404.0,0.0,5.0,1.0,367.0,1.0,7844.0,0.0,15.0,0.0,135.0,0.0,133.0,0.0,79.0,1.0,2299.0,0.0,221.0,0.0,850.0,0.0,35.0,0.0,17.0,0.0,57.0,0.0,0.0,0.0,2.0,0.0,7.0,0.0,204.0,0.0,38.0,0.0,245.0,1.0,366.0,0.0,3.0,0.0,510.0,0.0,3.0,0.0,207.0,0.0,114.0,0.0,2.0,0.0,83.0,0.0,6.0,2.0,2815.0,0.0,194.0,0.0,3.0,0.0,25.0,1.0,12.0,0.0,84.0
MD-3,0,1.0,178.0,3.0,11.0,1.0,48.0,0.0,94.0,0.0,374.0,0.0,460.0,0.0,6.0,0.0,880.0,8.0,1063.0,0.0,392.0,0.0,26.0,0.0,118.0,0.0,13.0,0.0,24.0,0.0,44.0,0.0,34.0,0.0,45.0,1.0,59.0,0.0,2.0,0.0,1.0,1.0,29.0,0.0,1.0,0.0,58.0,0.0,2.0,0.0,1.0,0.0,45.0,0.0,1.0,0.0,9.0,0.0,0.0,2.0,21.0,0.0,18.0,0.0,192.0,0.0,11.0,0.0,16.0,2.0,47.0,0.0,1960.0
MD-4,0,1.0,290.0,0.0,335.0,0.0,0.0,0.0,8.0,0.0,14.0,0.0,239.0,0.0,0.0,0.0,8.0,0.0,296.0,2.0,477.0,0.0,20.0,0.0,2.0,0.0,30.0,0.0,20.0,0.0,59.0,0.0,0.0,0.0,0.0,0.0,1.0,0.0,31.0,0.0,0.0,0.0,64.0,0.0,123.0,0.0,177.0,0.0,5.0,0.0,61.0,0.0,4.0,0.0,8.0,0.0,2.0,0.0,17.0,0.0,1.0,0.0,461.0,0.0,93.0,0.0,12.0,0.0,8.0,0.0,8.0,0.0,316.0
MD-5,0,0.0,36.0,0.0,45.0,0.0,26.0,0.0,209.0,0.0,105.0,0.0,1644.0,0.0,6.0,0.0,296.0,0.0,14.0,0.0,44.0,0.0,2.0,0.0,114.0,0.0,5.0,0.0,47.0,0.0,2178.0,0.0,8.0,0.0,8.0,0.0,11.0,0.0,6.0,0.0,24.0,0.0,41.0,0.0,1.0,0.0,23.0,0.0,193.0,1.0,8.0,0.0,129.0,0.0,0.0,0.0,0.0,0.0,144.0,0.0,14.0,0.0,1372.0,0.0,321.0,0.0,1.0,0.0,17.0,0.0,20.0,0.0,62.0
MD-7,0,0.0,11.0,2.0,237.0,2.0,11.0,0.0,27.0,0.0,75.0,0.0,1.0,0.0,16.0,0.0,1.0,2.0,789.0,0.0,129.0,0.0,50.0,0.0,85.0,0.0,45.0,0.0,9.0,0.0,7.0,1.0,42.0,0.0,3.0,0.0,42.0,0.0,6.0,0.0,71.0,0.0,26.0,0.0,7.0,0.0,0.0,0.0,0.0,0.0,6.0,0.0,26.0,0.0,31.0,0.0,2.0,0.0,4.0,0.0,0.0,0.0,112.0,0.0,250.0,0.0,22.0,1.0,1934.0,3.0,596.0,0.0,2202.0
MD-8,0,0.0,2.0,0.0,359.0,0.0,103.0,0.0,0.0,0.0,123.0,0.0,48.0,0.0,94.0,0.0,87.0,0.0,52.0,4.0,198.0,0.0,2.0,0.0,1.0,0.0,86.0,0.0,12.0,0.0,6.0,0.0,1.0,0.0,8.0,0.0,5.0,0.0,48.0,0.0,3.0,0.0,11.0,0.0,1.0,0.0,19.0,0.0,23.0,0.0,5.0,0.0,1.0,0.0,10.0,0.0,41.0,0.0,7.0,0.0,7.0,1.0,113.0,0.0,519.0,0.0,2.0,0.0,12.0,0.0,42.0,0.0,91.0
MD-9,0,0.0,18.0,0.0,1420.0,0.0,1.0,0.0,2.0,2.0,7388.0,0.0,115.0,0.0,120.0,0.0,20.0,0.0,9.0,0.0,250.0,0.0,32.0,0.0,55.0,0.0,468.0,0.0,60.0,0.0,399.0,0.0,0.0,0.0,98.0,0.0,111.0,0.0,30.0,0.0,7.0,0.0,6.0,0.0,11.0,0.0,12.0,0.0,27.0,0.0,3.0,0.0,22.0,0.0,4.0,0.0,9.0,0.0,7.0,0.0,10.0,0.0,141.0,0.0,191.0,0.0,276.0,1.0,60.0,0.0,13.0,0.0,39.0
PA-26,1,0.0,150.0,158.0,161.0,88.0,159.0,60.0,207.0,0.0,496.0,0.0,452.0,0.0,97.0,0.0,68.0,0.0,54.0,72.0,72.0,1.0,40.0,1.0,3.0,1.0,21.0,20.0,24.0,699.0,873.0,0.0,1.0,0.0,93.0,28.0,38.0,0.0,2730.0,0.0,208.0,0.0,116.0,0.0,20.0,591.0,608.0,0.0,44.0,0.0,82.0,0.0,5.0,0.0,47.0,0.0,12.0,0.0,109.0,66.0,157.0,80.0,100.0,2.0,1894.0,458.0,637.0,12.0,21.0,21.0,1071.0,0.0,267.0
PA-27,0,0.0,322.0,4.0,38.0,21.0,80.0,1.0,100.0,0.0,53.0,0.0,15.0,1.0,1.0,0.0,7.0,0.0,13.0,3.0,175.0,0.0,30.0,1.0,70.0,0.0,3.0,3.0,13.0,0.0,107.0,0.0,95.0,0.0,32.0,0.0,12.0,0.0,17.0,0.0,86.0,0.0,20.0,0.0,13.0,0.0,101.0,0.0,31.0,0.0,79.0,0.0,678.0,0.0,9.0,0.0,2.0,0.0,9.0,3.0,10.0,2.0,447.0,0.0,201.0,0.0,165.0,2.0,443.0,10.0,291.0,0.0,788.0
PA-28,1,1.0,9.0,9.0,11.0,707.0,717.0,21.0,97.0,0.0,2654.0,1.0,91.0,0.0,71.0,1.0,23.0,1.0,403.0,51.0,51.0,0.0,454.0,1.0,1779.0,154.0,172.0,112.0,115.0,6.0,97.0,2.0,46.0,1.0,1614.0,85.0,177.0,1.0,508.0,0.0,41.0,0.0,6.0,0.0,121.0,4.0,4.0,0.0,71.0,0.0,26.0,0.0,50.0,0.0,8.0,0.0,163.0,0.0,269.0,101.0,119.0,18.0,29.0,8.0,5901.0,4.0,12.0,105.0,139.0,52.0,57.0,0.0,21.0
PA-29,1,0.0,103.0,8.0,9.0,15.0,15.0,0.0,8.0,0.0,30.0,0.0,94.0,0.0,32.0,0.0,115.0,1.0,211.0,11.0,11.0,0.0,297.0,0.0,177.0,21.0,25.0,65.0,66.0,11.0,567.0,8.0,17.0,0.0,79.0,1.0,5.0,0.0,16.0,0.0,198.0,0.0,5.0,0.0,4.0,8.0,14.0,0.0,9.0,0.0,67.0,1.0,72.0,0.0,309.0,0.0,301.0,0.0,0.0,52.0,52.0,2.0,41.0,9.0,7120.0,25.0,97.0,273.0,1001.0,1462.0,1663.0,0.0,213.0
PA-31,1,0.0,0.0,11.0,11.0,0.0,0.0,0.0,0.0,0.0,3.0,0.0,3.0,0.0,0.0,0.0,1.0,0.0,1.0,18.0,20.0,0.0,1.0,0.0,1.0,0.0,7.0,0.0,0.0,0.0,0.0,0.0,1.0,0.0,9.0,4.0,4.0,0.0,0.0,0.0,5.0,0.0,0.0,0.0,5.0,0.0,0.0,0.0,0.0,0.0,1.0,0.0,2.0,0.0,1.0,0.0,0.0,0.0,5.0,2.0,2.0,0.0,10.0,0.0,0.0,2.0,7.0,0.0,0.0,2.0,3.0,0.0,9.0
PA-32,1,0.0,139.0,48.0,51.0,73.0,93.0,2.0,14.0,0.0,322.0,0.0,63.0,0.0,131.0,0.0,1514.0,0.0,156.0,158.0,159.0,0.0,16.0,0.0,10.0,1.0,28.0,7.0,9.0,2.0,77.0,1.0,245.0,0.0,122.0,128.0,128.0,0.0,434.0,0.0,52.0,0.0,71.0,0.0,116.0,3.0,84.0,0.0,65.0,0.0,23.0,5.0,285.0,0.0,229.0,0.0,40.0,0.0,119.0,0.0,41.0,7.0,531.0,0.0,1512.0,3.0,102.0,6.0,260.0,277.0,280.0,0.0,565.0
PA-38,1,0.0,277.0,2830.0,2834.0,37.0,112.0,435.0,1605.0,1.0,135.0,0.0,405.0,3.0,821.0,0.0,40.0,1.0,603.0,3209.0,3212.0,0.0,1435.0,4.0,572.0,47.0,259.0,19.0,28.0,71.0,112.0,0.0,19.0,1.0,138.0,152.0,159.0,0.0,1420.0,0.0,20.0,0.0,111.0,2.0,364.0,2.0,11.0,0.0,89.0,2.0,69.0,4.0,68.0,0.0,33.0,0.0,3794.0,0.0,26.0,133.0,137.0,150.0,2376.0,0.0,399.0,319.0,1744.0,182.0,1411.0,43.0,483.0,2.0,4943.0
PA-39,1,0.0,47.0,162.0,162.0,1.0,34.0,4.0,11.0,0.0,2679.0,0.0,145.0,0.0,62.0,0.0,305.0,0.0,111.0,55.0,57.0,0.0,624.0,1.0,5.0,62.0,88.0,668.0,681.0,93.0,1154.0,167.0,297.0,0.0,690.0,333.0,367.0,0.0,87.0,0.0,467.0,0.0,8.0,0.0,1490.0,8.0,15.0,0.0,81.0,0.0,181.0,4.0,12.0,0.0,141.0,0.0,5.0,0.0,668.0,774.0,777.0,18.0,19.0,1.0,545.0,0.0,922.0,17.0,18.0,1038.0,1041.0,1.0,39.0
PA-40,1,0.0,103.0,901.0,908.0,21.0,29.0,6.0,158.0,0.0,1181.0,0.0,143.0,0.0,43.0,0.0,40.0,0.0,93.0,238.0,239.0,0.0,72.0,2.0,28.0,780.0,951.0,1.0,2.0,1.0,17.0,1.0,223.0,0.0,406.0,147.0,150.0,0.0,160.0,0.0,26.0,0.0,35.0,0.0,12.0,4.0,7.0,0.0,150.0,0.0,124.0,5.0,56.0,2.0,1699.0,0.0,566.0,0.0,6.0,3.0,41.0,2.0,26.0,0.0,1308.0,17.0,110.0,6.0,66.0,7.0,78.0,0.0,4703.0
PA-41,1,0.0,151.0,151.0,152.0,111.0,125.0,3.0,19.0,0.0,1012.0,0.0,852.0,0.0,7.0,0.0,2086.0,0.0,2.0,23.0,23.0,0.0,101.0,0.0,327.0,17.0,121.0,38.0,40.0,84.0,147.0,175.0,233.0,0.0,23.0,18.0,24.0,0.0,65.0,0.0,139.0,0.0,389.0,0.0,130.0,215.0,217.0,0.0,65.0,0.0,45.0,16.0,299.0,0.0,15.0,0.0,6.0,0.0,292.0,5.0,52.0,238.0,279.0,0.0,144.0,27.0,92.0,71.0,114.0,9.0,33.0,0.0,240.0
PA-42,1,0.0,5.0,592.0,596.0,72.0,93.0,150.0,155.0,0.0,1314.0,0.0,4.0,0.0,132.0,0.0,21.0,0.0,28.0,957.0,963.0,0.0,55.0,1.0,29.0,6.0,99.0,4.0,8.0,0.0,16.0,106.0,117.0,0.0,46.0,41.0,41.0,0.0,1012.0,1.0,1032.0,0.0,9.0,0.0,2.0,15.0,17.0,0.0,95.0,0.0,58.0,50.0,342.0,0.0,237.0,0.0,14.0,0.0,41.0,6.0,148.0,119.0,149.0,4.0,1666.0,0.0,16.0,2084.0,2179.0,39.0,1360.0,0.0,158.0
PA-43,1,0.0,56.0,43.0,46.0,7.0,298.0,87.0,156.0,1.0,3160.0,0.0,146.0,0.0,45.0,1.0,92.0,0.0,1.0,61.0,62.0,0.0,348.0,0.0,45.0,10.0,11.0,1.0,75.0,2.0,47.0,1.0,47.0,0.0,170.0,98.0,105.0,2.0,475.0,0.0,376.0,0.0,1.0,0.0,22.0,521.0,580.0,0.0,14.0,0.0,40.0,0.0,0.0,0.0,58.0,0.0,75.0,0.0,37.0,0.0,4.0,5.0,8.0,0.0,110.0,2.0,733.0,1.0,259.0,25.0,213.0,0.0,14.0
PA-46,1,1.0,15.0,1308.0,1310.0,64.0,151.0,23.0,62.0,0.0,103.0,0.0,935.0,0.0,240.0,0.0,26.0,0.0,219.0,487.0,489.0,0.0,50.0,0.0,1534.0,0.0,1.0,26.0,27.0,6.0,299.0,1.0,2.0,0.0,276.0,11.0,203.0,0.0,153.0,0.0,821.0,0.0,72.0,1.0,88.0,19.0,23.0,0.0,0.0,1.0,314.0,0.0,4.0,0.0,6.0,0.0,287.0,0.0,118.0,71.0,91.0,197.0,197.0,0.0,362.0,3.0,5.0,1.0,39.0,2.0,8.0,0.0,69.0
PA-47,1,0.0,79.0,243.0,244.0,12.0,223.0,2.0,19.0,1.0,797.0,0.0,67.0,1.0,87.0,0.0,259.0,0.0,88.0,55.0,55.0,0.0,166.0,0.0,108.0,171.0,196.0,22.0,158.0,6.0,15.0,3.0,4.0,0.0,74.0,60.0,66.0,0.0,10.0,0.0,8.0,0.0,36.0,0.0,118.0,12.0,165.0,1.0,2.0,0.0,253.0,10.0,41.0,0.0,305.0,0.0,1312.0,0.0,26.0,9.0,10.0,28.0,35.0,1.0,227.0,8.0,416.0,8.0,70.0,757.0,787.0,0.0,15.0
PA-48,1,0.0,154.0,44.0,47.0,9.0,56.0,9.0,43.0,0.0,258.0,0.0,18.0,8.0,17.0,0.0,91.0,0.0,79.0,464.0,464.0,4.0,30.0,0.0,55.0,969.0,974.0,3.0,3.0,401.0,900.0,0.0,15.0,0.0,18.0,50.0,54.0,0.0,123.0,0.0,98.0,0.0,75.0,0.0,51.0,9.0,19.0,0.0,58.0,0.0,168.0,11.0,16.0,0.0,8.0,0.0,221.0,0.0,640.0,11.0,35.0,258.0,259.0,0.0,214.0,5.0,1164.0,9.0,30.0,74.0,118.0,0.0,218.0
PA-49,1,0.0,35.0,14.0,15.0,343.0,391.0,5.0,9.0,1.0,150.0,0.0,18.0,0.0,123.0,0.0,17.0,0.0,178.0,160.0,164.0,0.0,69.0,1.0,44.0,6.0,12.0,13.0,39.0,46.0,67.0,6.0,47.0,0.0,6.0,3.0,7.0,1.0,1387.0,0.0,5.0,0.0,292.0,0.0,10.0,14.0,35.0,0.0,141.0,0.0,224.0,0.0,281.0,0.0,51.0,0.0,27.0,0.0,17.0,32.0,37.0,9.0,28.0,0.0,90.0,1.0,20.0,1.0,1225.0,1052.0,1099.0,0.0,34.0
PA-51,1,0.0,68.0,39.0,41.0,0.0,65.0,77.0,137.0,0.0,705.0,0.0,168.0,0.0,53.0,0.0,45.0,0.0,33.0,177.0,178.0,0.0,82.0,0.0,73.0,252.0,274.0,19.0,20.0,1107.0,1531.0,2.0,3.0,0.0,35.0,11.0,31.0,0.0,318.0,0.0,79.0,1.0,233.0,0.0,49.0,23.0,25.0,0.0,290.0,0.0,43.0,42.0,45.0,0.0,880.0,0.0,621.0,1.0,201.0,2.0,52.0,30.0,149.0,0.0,34.0,0.0,174.0,13.0,995.0,471.0,551.0,0.0,1296.0
PA-52,1,2.0,2699.0,55.0,60.0,5.0,5.0,8.0,9.0,0.0,432.0,0.0,56.0,0.0,96.0,0.0,26.0,0.0,169.0,14.0,15.0,1.0,579.0,0.0,61.0,51.0,55.0,47.0,49.0,90.0,4093.0,11.0,15.0,1.0,83.0,32.0,102.0,0.0,948.0,0.0,27.0,0.0,353.0,0.0,64.0,31.0,105.0,0.0,30.0,0.0,1505.0,5.0,411.0,0.0,23.0,1.0,272.0,0.0,33.0,0.0,189.0,598.0,600.0,0.0,73.0,0.0,40.0,6.0,340.0,237.0,242.0,0.0,123.0
PA-53,1,0.0,16.0,421.0,422.0,27.0,31.0,87.0,107.0,0.0,589.0,0.0,24.0,0.0,56.0,0.0,118.0,0.0,4.0,11.0,12.0,0.0,12.0,0.0,1704.0,52.0,131.0,161.0,163.0,0.0,4.0,53.0,58.0,0.0,54.0,50.0,51.0,0.0,469.0,0.0,47.0,0.0,42.0,0.0,305.0,206.0,209.0,0.0,17.0,0.0,859.0,14.0,357.0,0.0,6.0,3.0,7781.0,0.0,1535.0,4.0,12.0,36.0,51.0,4.0,2551.0,1.0,20.0,113.0,158.0,97.0,111.0,0.0,3436.0
PA-54,0,0.0,58.0,2.0,2.0,1.0,36.0,9.0,228.0,0.0,1149.0,0.0,30.0,0.0,111.0,0.0,9.0,0.0,5.0,23.0,91.0,0.0,16.0,0.0,23.0,2.0,290.0,0.0,100.0,0.0,21.0,1.0,4.0,0.0,114.0,1.0,83.0,0.0,17.0,0.0,10.0,0.0,0.0,2.0,528.0,1.0,85.0,0.0,1.0,0.0,145.0,0.0,8.0,0.0,7.0,0.0,26.0,0.0,14.0,0.0,283.0,15.0,52.0,0.0,200.0,0.0,444.0,2.0,771.0,3.0,1219.0,1.0,852.0
PA-55,1,0.0,232.0,197.0,197.0,5.0,71.0,370.0,481.0,0.0,1170.0,0.0,62.0,0.0,124.0,0.0,115.0,0.0,132.0,1023.0,1023.0,0.0,552.0,0.0,58.0,73.0,80.0,2.0,10.0,7.0,24.0,4.0,172.0,0.0,70.0,29.0,45.0,0.0,65.0,0.0,30.0,0.0,159.0,0.0,224.0,82.0,91.0,0.0,178.0,0.0,161.0,4.0,21.0,0.0,179.0,1.0,43.0,0.0,865.0,0.0,70.0,829.0,882.0,0.0,82.0,33.0,179.0,14.0,30.0,4.0,7.0,0.0,77.0
PA-57,1,0.0,363.0,22.0,25.0,2.0,135.0,185.0,298.0,2.0,7851.0,0.0,2828.0,0.0,453.0,0.0,267.0,0.0,163.0,160.0,161.0,0.0,20.0,0.0,2065.0,25.0,365.0,32.0,418.0,1.0,15.0,3.0,7.0,0.0,38.0,23.0,38.0,1.0,20.0,0.0,91.0,0.0,678.0,0.0,3.0,28.0,28.0,1.0,51.0,0.0,53.0,3.0,6.0,0.0,800.0,0.0,1365.0,0.0,391.0,5.0,268.0,1.0,10.0,0.0,181.0,326.0,336.0,58.0,325.0,40.0,43.0,0.0,54.0
PA-58,1,0.0,14.0,173.0,175.0,60.0,107.0,122.0,124.0,0.0,1126.0,0.0,58.0,0.0,273.0,0.0,78.0,3.0,570.0,24.0,24.0,0.0,33.0,1.0,12.0,7.0,39.0,25.0,28.0,43.0,56.0,389.0,412.0,0.0,59.0,116.0,120.0,0.0,102.0,0.0,156.0,0.0,5.0,0.0,8.0,0.0,0.0,0.0,26.0,0.0,61.0,3.0,7.0,1.0,133.0,0.0,8.0,0.0,26.0,119.0,169.0,33.0,504.0,0.0,228.0,5.0,115.0,3.0,8.0,10.0,12.0,1.0,740.0
PA-59,1,0.0,19.0,223.0,223.0,83.0,93.0,27.0,210.0,1.0,101.0,0.0,99.0,0.0,59.0,0.0,87.0,1.0,52.0,917.0,917.0,0.0,177.0,0.0,8.0,7.0,813.0,38.0,41.0,0.0,52.0,16.0,193.0,0.0,1298.0,793.0,801.0,0.0,22.0,0.0,631.0,0.0,83.0,1.0,209.0,0.0,5.0,0.0,6.0,0.0,154.0,0.0,104.0,0.0,60.0,0.0,5.0,0.0,551.0,31.0,101.0,65.0,66.0,0.0,153.0,289.0,362.0,20.0,25.0,2.0,101.0,0.0,94.0
PA-61,1,0.0,18.0,32.0,33.0,85.0,110.0,30.0,45.0,0.0,1919.0,0.0,54.0,2.0,467.0,0.0,7.0,1.0,190.0,17.0,17.0,0.0,97.0,0.0,168.0,37.0,42.0,26.0,27.0,0.0,94.0,14.0,55.0,0.0,56.0,27.0,81.0,0.0,229.0,0.0,27.0,0.0,9.0,0.0,616.0,1.0,3.0,0.0,74.0,0.0,2032.0,1.0,28.0,0.0,25.0,0.0,11.0,0.0,250.0,60.0,60.0,42.0,158.0,0.0,129.0,19.0,297.0,0.0,261.0,175.0,182.0,0.0,72.0
PA-62,1,0.0,23.0,8.0,10.0,0.0,34.0,439.0,458.0,0.0,1640.0,0.0,192.0,1.0,927.0,0.0,21.0,0.0,74.0,14.0,14.0,0.0,1176.0,0.0,17.0,6.0,42.0,16.0,19.0,3.0,291.0,107.0,191.0,0.0,138.0,71.0,147.0,0.0,160.0,0.0,129.0,0.0,157.0,0.0,73.0,7.0,41.0,0.0,404.0,0.0,8.0,4.0,203.0,0.0,1005.0,0.0,237.0,0.0,838.0,11.0,20.0,10.0,14.0,0.0,135.0,0.0,6.0,14.0,25.0,10.0,19.0,0.0,637.0
PA-63,1,0.0,16.0,254.0,257.0,18.0,241.0,392.0,422.0,0.0,514.0,0.0,41.0,1.0,211.0,2.0,67.0,0.0,251.0,37.0,39.0,0.0,7.0,1.0,206.0,144.0,150.0,121.0,122.0,16.0,155.0,8.0,280.0,0.0,43.0,37.0,63.0,0.0,155.0,1.0,543.0,1.0,302.0,0.0,27.0,96.0,700.0,0.0,435.0,1.0,12.0,3.0,70.0,0.0,59.0,0.0,97.0,0.0,5.0,42.0,54.0,356.0,360.0,0.0,882.0,3.0,455.0,500.0,572.0,1.0,483.0,0.0,1391.0
PA-64,1,0.0,176.0,4357.0,4365.0,2.0,13.0,4.0,14.0,0.0,155.0,0.0,90.0,0.0,495.0,0.0,69.0,2.0,7.0,14.0,14.0,0.0,31.0,1.0,113.0,11.0,15.0,57.0,82.0,7.0,325.0,17.0,57.0,0.0,932.0,1.0,574.0,0.0,70.0,0.0,68.0,0.0,224.0,0.0,193.0,2.0,4.0,0.0,70.0,0.0,93.0,13.0,28.0,0.0,42.0,0.0,536.0,0.0,45.0,0.0,12.0,199.0,218.0,0.0,792.0,40.0,45.0,0.0,1.0,4.0,1055.0,0.0,1856.0
PA-65,1,0.0,104.0,22.0,24.0,2.0,9.0,6.0,14.0,0.0,15.0,1.0,69.0,0.0,54.0,0.0,98.0,0.0,6.0,69.0,71.0,0.0,1160.0,0.0,67.0,989.0,993.0,94.0,96.0,175.0,226.0,15.0,25.0,0.0,20.0,2.0,18.0,0.0,1300.0,0.0,220.0,0.0,50.0,0.0,30.0,10.0,12.0,0.0,11.0,0.0,312.0,5.0,32.0,2.0,651.0,0.0,10.0,0.0,26.0,1.0,33.0,29.0,35.0,0.0,786.0,2.0,657.0,0.0,43.0,288.0,289.0,1.0,1037.0
PA-68,1,0.0,1552.0,12.0,12.0,2.0,7.0,49.0,83.0,0.0,47.0,0.0,368.0,0.0,75.0,0.0,1651.0,0.0,12.0,1939.0,1941.0,0.0,95.0,1.0,409.0,3.0,3.0,3.0,5.0,80.0,725.0,21.0,560.0,1.0,130.0,14.0,369.0,0.0,117.0,0.0,33.0,0.0,71.0,0.0,77.0,21.0,28.0,0.0,30.0,0.0,124.0,320.0,587.0,0.0,120.0,0.0,167.0,0.0,720.0,46.0,76.0,72.0,94.0,1.0,61.0,0.0,333.0,23.0,32.0,13.0,15.0,2.0,189.0
PA-70,1,0.0,278.0,27.0,29.0,44.0,46.0,9.0,140.0,0.0,242.0,2.0,24.0,2.0,2227.0,0.0,769.0,1.0,174.0,18.0,22.0,0.0,96.0,1.0,49.0,19.0,31.0,86.0,187.0,6.0,55.0,75.0,165.0,0.0,50.0,3.0,32.0,0.0,34.0,0.0,12.0,0.0,2.0,0.0,165.0,13.0,13.0,1.0,8.0,0.0,139.0,58.0,70.0,0.0,76.0,0.0,401.0,0.0,117.0,161.0,515.0,1.0,396.0,5.0,1562.0,0.0,144.0,105.0,143.0,29.0,31.0,0.0,307.0
PA-71,1,0.0,228.0,162.0,162.0,2.0,17.0,5.0,17.0,0.0,805.0,0.0,799.0,0.0,156.0,0.0,231.0,1.0,98.0,58.0,58.0,0.0,94.0,0.0,706.0,97.0,110.0,680.0,685.0,173.0,2622.0,0.0,127.0,1.0,148.0,159.0,218.0,0.0,49.0,0.0,46.0,0.0,156.0,0.0,28.0,465.0,494.0,0.0,20.0,0.0,34.0,2.0,161.0,0.0,158.0,0.0,300.0,0.0,795.0,7.0,11.0,22.0,36.0,0.0,504.0,0.0,5.0,1.0,597.0,303.0,307.0,0.0,66.0
PA-73,1,0.0,95.0,6.0,9.0,22.0,27.0,101.0,124.0,0.0,373.0,0.0,22.0,0.0,375.0,2.0,32.0,0.0,432.0,10.0,10.0,0.0,12.0,0.0,42.0,1.0,3.0,57.0,57.0,0.0,11.0,1.0,4.0,2.0,692.0,7.0,998.0,0.0,61.0,0.0,200.0,0.0,4.0,0.0,4.0,2.0,3.0,1.0,46.0,0.0,12.0,22.0,43.0,0.0,82.0,0.0,15.0,0.0,161.0,8.0,26.0,12.0,16.0,0.0,119.0,0.0,19.0,0.0,30.0,4.0,16.0,0.0,57.0
PA-74,1,1.0,50.0,168.0,175.0,15.0,90.0,0.0,28.0,0.0,778.0,0.0,751.0,0.0,57.0,0.0,99.0,8.0,1529.0,179.0,188.0,0.0,161.0,1.0,2332.0,36.0,41.0,4.0,14.0,0.0,741.0,2.0,9.0,1.0,226.0,147.0,147.0,0.0,998.0,0.0,203.0,0.0,122.0,0.0,17.0,1.0,38.0,0.0,33.0,0.0,28.0,5.0,12.0,3.0,4640.0,1.0,737.0,0.0,243.0,168.0,461.0,447.0,454.0,3.0,7293.0,1.0,6.0,3.0,178.0,257.0,261.0,0.0,16.0
PA-77,1,0.0,161.0,542.0,543.0,1.0,32.0,3.0,10.0,0.0,1007.0,0.0,110.0,1.0,27.0,0.0,1416.0,2.0,668.0,1129.0,1133.0,0.0,86.0,0.0,375.0,0.0,45.0,5.0,156.0,0.0,306.0,8.0,8.0,0.0,10.0,12.0,52.0,0.0,45.0,0.0,643.0,0.0,32.0,0.0,2.0,42.0,49.0,0.0,4.0,0.0,9.0,0.0,206.0,0.0,137.0,0.0,3.0,0.0,1410.0,422.0,463.0,89.0,340.0,11.0,3861.0,0.0,67.0,0.0,43.0,64.0,99.0,0.0,311.0
PD-1,0,0.0,529.0,1.0,7858.0,8.0,219.0,4.0,142.0,0.0,7884.0,3088.0,3403.0,0.0,367.0,1.0,884.0,4.0,874.0,15.0,7669.0,0.0,4748.0,6152.0,7129.0,2.0,142.0,0.0,1870.0,3.0,5520.0,0.0,51.0,0.0,232.0,1.0,578.0,0.0,1099.0,0.0,856.0,0.0,78.0,0.0,842.0,5.0,82.0,0.0,58.0,0.0,313.0,0.0,60.0,0.0,232.0,203.0,1124.0,0.0,77.0,2.0,50.0,4.0,3908.0,294.0,1132.0,1.0,796.0,5.0,1935.0,14.0,460.0,478.0,2130.0
PD-14,0,0.0,6.0,1.0,7853.0,0.0,23.0,2.0,3.0,0.0,288.0,8.0,62.0,0.0,1.0,0.0,126.0,0.0,19.0,2.0,2365.0,0.0,87.0,8.0,276.0,0.0,50.0,0.0,838.0,0.0,368.0,0.0,3.0,0.0,3.0,0.0,24.0,0.0,26.0,0.0,3.0,0.0,45.0,0.0,20.0,0.0,5.0,0.0,3.0,0.0,2.0,0.0,1.0,0.0,4.0,5.0,840.0,0.0,1.0,0.0,5.0,0.0,154.0,4.0,23.0,0.0,0.0,1.0,554.0,2.0,12.0,17.0,36.0
PD-16,0,0.0,107.0,1.0,18.0,5.0,82.0,2.0,6.0,0.0,546.0,9.0,17.0,0.0,3.0,1.0,452.0,4.0,817.0,3.0,151.0,0.0,4599.0,40.0,65.0,1.0,4.0,0.0,41.0,1.0,3478.0,0.0,1.0,0.0,7.0,0.0,45.0,0.0,15.0,0.0,11.0,0.0,16.0,0.0,10.0,1.0,25.0,0.0,0.0,0.0,36.0,0.0,56.0,0.0,93.0,5.0,13.0,0.0,7.0,1.0,6.0,1.0,298.0,15.0,69.0,0.0,9.0,1.0,287.0,6.0,151.0,13.0,839.0
PD-17,0,0.0,72.0,1.0,285.0,3.0,25.0,0.0,4.0,0.0,4267.0,20.0,22.0,0.0,15.0,0.0,244.0,0.0,7.0,2.0,719.0,0.0,1.0,54.0,60.0,1.0,3.0,0.0,966.0,0.0,1642.0,0.0,2.0,0.0,7.0,1.0,91.0,0.0,87.0,0.0,4.0,0.0,11.0,0.0,98.0,2.0,3.0,0.0,27.0,0.0,163.0,0.0,0.0,0.0,4.0,13.0,23.0,0.0,8.0,1.0,39.0,2.0,409.0,9.0,650.0,0.0,55.0,2.0,879.0,2.0,208.0,21.0,61.0
PD-18,0,0.0,319.0,3.0,9.0,0.0,27.0,0.0,13.0,0.0,7857.0,3051.0,3229.0,0.0,150.0,0.0,41.0,0.0,29.0,6.0,4377.0,0.0,56.0,6048.0,6296.0,0.0,83.0,0.0,1.0,2.0,15.0,0.0,1.0,0.0,214.0,0.0,414.0,0.0,166.0,0.0,13.0,0.0,1.0,0.0,698.0,2.0,49.0,0.0,2.0,0.0,99.0,0.0,1.0,0.0,5.0,180.0,237.0,0.0,57.0,0.0,0.0,1.0,2779.0,265.0,356.0,0.0,11.0,1.0,202.0,4.0,72.0,425.0,445.0
PD-20,0,0.0,165.0,3.0,10.0,0.0,185.0,2.0,21.0,0.0,561.0,1.0,37.0,0.0,22.0,0.0,63.0,0.0,2.0,2.0,39.0,0.0,1.0,0.0,219.0,1.0,95.0,0.0,8.0,1.0,97.0,0.0,25.0,0.0,827.0,2.0,1344.0,0.0,8.0,0.0,34.0,0.0,18.0,0.0,32.0,2.0,2.0,0.0,2.0,0.0,0.0,2.0,7.0,0.0,142.0,2116.0,2152.0,0.0,16.0,2.0,2.0,2.0,1308.0,3367.0,4704.0,1.0,3.0,0.0,49.0,0.0,4.0,5803.0,5810.0
PD-5,0,0.0,523.0,2.0,777.0,0.0,77.0,0.0,1081.0,0.0,1392.0,1.0,47.0,1.0,20.0,0.0,40.0,0.0,1.0,2.0,537.0,0.0,4.0,1.0,343.0,0.0,3.0,1.0,7.0,0.0,27.0,0.0,67.0,0.0,28.0,0.0,51.0,0.0,19.0,0.0,7.0,0.0,5.0,0.0,479.0,0.0,1.0,0.0,8.0,0.0,0.0,0.0,0.0,1.0,4983.0,0.0,18.0,0.0,20.0,1.0,10.0,2.0,7815.0,1.0,467.0,0.0,594.0,0.0,52.0,0.0,0.0,6.0,82.0
PD-7,0,4.0,1025.0,2.0,618.0,0.0,117.0,0.0,0.0,1.0,7928.0,2.0,548.0,0.0,122.0,0.0,12.0,0.0,1.0,2.0,19.0,0.0,31.0,2.0,8.0,0.0,10.0,1.0,39.0,0.0,150.0,0.0,8.0,0.0,9.0,2.0,12.0,0.0,3.0,0.0,3.0,0.0,40.0,0.0,38.0,0.0,0.0,0.0,35.0,0.0,1.0,0.0,32.0,0.0,9.0,0.0,566.0,0.0,0.0,0.0,0.0,2.0,2555.0,3.0,140.0,1.0,30.0,0.0,524.0,0.0,0.0,1.0,201.0
PD-8,0,0.0,5.0,1.0,320.0,0.0,1.0,0.0,3.0,0.0,1017.0,0.0,376.0,0.0,7.0,0.0,31.0,0.0,22.0,0.0,29.0,0.0,37.0,1.0,4.0,0.0,7.0,0.0,7.0,0.0,905.0,1.0,22.0,0.0,66.0,2.0,6.0,0.0,27.0,0.0,17.0,0.0,85.0,0.0,5.0,0.0,8.0,0.0,164.0,0.0,6.0,0.0,13.0,0.0,134.0,0.0,61.0,0.0,4.0,1.0,31.0,0.0,433.0,5.0,18.0,0.0,41.0,0.0,52.0,0.0,8.0,4.0,1338.0
PD-9,0,0.0,2.0,17.0,3486.0,0.0,122.0,0.0,2.0,0.0,1393.0,4.0,711.0,0.0,9.0,0.0,13.0,0.0,319.0,2.0,1061.0,0.0,12.0,4.0,103.0,0.0,51.0,0.0,59.0,0.0,404.0,0.0,62.0,0.0,11.0,0.0,6.0,0.0,38.0,0.0,99.0,0.0,16.0,0.0,73.0,0.0,0.0,0.0,149.0,0.0,207.0,0.0,2.0,0.0,3.0,8.0,94.0,0.0,0.0,0.0,7.0,2.0,7772.0,6.0,18.0,0.0,3.0,0.0,350.0,3.0,11.0,10.0,214.0
PDD-1,0,0.0,508.0,0.0,45.0,0.0,4.0,0.0,152.0,0.0,597.0,0.0,6.0,0.0,103.0,0.0,159.0,0.0,14.0,0.0,35.0,0.0,164.0,0.0,22.0,0.0,3.0,0.0,33.0,0.0,582.0,1.0,296.0,0.0,3.0,0.0,2.0,0.0,602.0,0.0,4.0,0.0,1042.0,0.0,265.0,0.0,4.0,0.0,6.0,0.0,34.0,0.0,65.0,0.0,164.0,0.0,592.0,0.0,31.0,1.0,1250.0,0.0,1059.0,0.0,51.0,0.0,165.0,0.0,139.0,0.0,72.0,0.0,2876.0
PDD-10,0,0.0,370.0,0.0,149.0,0.0,12.0,0.0,263.0,0.0,643.0,0.0,64.0,0.0,201.0,0.0,51.0,1.0,469.0,0.0,721.0,0.0,283.0,0.0,2234.0,0.0,589.0,0.0,35.0,0.0,190.0,0.0,19.0,0.0,14.0,0.0,28.0,0.0,31.0,0.0,70.0,0.0,84.0,0.0,462.0,0.0,32.0,0.0,14.0,0.0,14.0,0.0,170.0,0.0,611.0,0.0,135.0,5.0,21.0,0.0,14.0,1.0,1720.0,0.0,13.0,1.0,109.0,0.0,316.0,0.0,286.0,0.0,1658.0
PDD-11,0,0.0,219.0,0.0,71.0,0.0,523.0,0.0,220.0,0.0,44.0,0.0,79.0,0.0,216.0,0.0,585.0,1.0,428.0,0.0,20.0,0.0,58.0,0.0,819.0,0.0,83.0,0.0,180.0,0.0,21.0,2.0,562.0,0.0,19.0,0.0,4.0,1.0,349.0,0.0,9.0,0.0,31.0,0.0,29.0,0.0,11.0,0.0,400.0,0.0,8.0,0.0,42.0,0.0,914.0,0.0,13.0,12.0,25.0,0.0,252.0,0.0,543.0,0.0,360.0,0.0,1467.0,0.0,160.0,0.0,26.0,0.0,576.0
PDD-12,0,0.0,85.0,0.0,76.0,0.0,3.0,2.0,257.0,0.0,851.0,0.0,392.0,0.0,57.0,0.0,1362.0,0.0,363.0,0.0,337.0,1.0,65.0,0.0,212.0,0.0,298.0,0.0,5.0,0.0,10.0,0.0,6.0,0.0,91.0,0.0,163.0,0.0,171.0,0.0,187.0,0.0,161.0,0.0,37.0,0.0,12.0,0.0,391.0,0.0,13.0,0.0,304.0,0.0,617.0,2.0,441.0,15.0,371.0,0.0,823.0,0.0,61.0,0.0,13.0,0.0,18.0,0.0,43.0,0.0,35.0,0.0,316.0
PDD-13,0,0.0,3.0,0.0,17.0,0.0,17.0,0.0,8.0,0.0,64.0,0.0,26.0,0.0,7.0,0.0,23.0,0.0,5.0,0.0,37.0,0.0,51.0,0.0,20.0,0.0,13.0,0.0,9.0,0.0,3.0,0.0,13.0,0.0,13.0,0.0,11.0,0.0,15.0,0.0,37.0,0.0,9.0,0.0,12.0,0.0,1.0,0.0,10.0,0.0,3.0,0.0,4.0,0.0,78.0,0.0,4.0,23.0,27.0,0.0,5.0,0.0,25.0,0.0,17.0,0.0,6.0,0.0,8.0,0.0,32.0,0.0,9.0
PDD-14,0,0.0,17.0,0.0,245.0,0.0,152.0,0.0,98.0,0.0,514.0,0.0,313.0,0.0,32.0,0.0,435.0,0.0,33.0,0.0,701.0,0.0,485.0,0.0,317.0,0.0,197.0,0.0,225.0,0.0,24.0,0.0,29.0,0.0,27.0,0.0,24.0,0.0,240.0,0.0,643.0,0.0,67.0,0.0,146.0,0.0,14.0,0.0,4.0,0.0,20.0,0.0,75.0,0.0,910.0,0.0,9.0,58.0,200.0,0.0,62.0,0.0,247.0,0.0,261.0,0.0,108.0,0.0,85.0,0.0,102.0,0.0,184.0
PDD-15,0,0.0,56.0,0.0,54.0,0.0,5.0,0.0,26.0,0.0,236.0,0.0,1507.0,0.0,40.0,0.0,64.0,0.0,21.0,0.0,41.0,3.0,5905.0,0.0,40.0,0.0,112.0,0.0,6.0,0.0,48.0,0.0,33.0,0.0,19.0,0.0,9.0,0.0,6.0,0.0,0.0,0.0,6.0,0.0,201.0,0.0,1.0,0.0,89.0,0.0,12.0,0.0,5.0,0.0,1677.0,0.0,33.0,5742.0,5751.0,0.0,571.0,0.0,30.0,0.0,139.0,0.0,3.0,0.0,70.0,0.0,17.0,0.0,253.0
PDD-16,0,0.0,209.0,0.0,10.0,0.0,27.0,0.0,374.0,0.0,198.0,0.0,30.0,0.0,44.0,0.0,108.0,1.0,179.0,0.0,558.0,1.0,115.0,0.0,464.0,0.0,86.0,0.0,75.0,0.0,49.0,0.0,205.0,0.0,68.0,0.0,85.0,0.0,62.0,0.0,6.0,0.0,43.0,0.0,189.0,0.0,20.0,0.0,8.0,0.0,74.0,0.0,55.0,0.0,479.0,0.0,598.0,1.0,34.0,0.0,229.0,0.0,369.0,0.0,225.0,0.0,39.0,0.0,4.0,0.0,114.0,0.0,354.0
PDD-17,0,0.0,107.0,0.0,28.0,0.0,21.0,1.0,367.0,0.0,440.0,0.0,167.0,1.0,121.0,0.0,43.0,3.0,225.0,0.0,46.0,0.0,6.0,0.0,605.0,0.0,497.0,0.0,127.0,0.0,15.0,0.0,17.0,0.0,193.0,0.0,208.0,0.0,320.0,0.0,354.0,0.0,50.0,0.0,526.0,0.0,5.0,0.0,846.0,0.0,40.0,0.0,65.0,1.0,1009.0,0.0,472.0,0.0,15.0,0.0,61.0,0.0,40.0,0.0,184.0,0.0,789.0,0.0,8.0,0.0,34.0,0.0,606.0
PDD-18,0,0.0,232.0,1.0,490.0,0.0,17.0,0.0,12.0,0.0,137.0,0.0,102.0,0.0,40.0,0.0,32.0,1.0,172.0,0.0,131.0,0.0,32.0,0.0,127.0,0.0,361.0,0.0,22.0,0.0,110.0,0.0,48.0,0.0,117.0,0.0,109.0,0.0,156.0,0.0,222.0,0.0,7.0,0.0,111.0,0.0,30.0,0.0,454.0,0.0,48.0,0.0,33.0,0.0,43.0,0.0,519.0,0.0,393.0,0.0,314.0,0.0,288.0,0.0,39.0,0.0,2039.0,0.0,108.0,0.0,96.0,0.0,29.0
PDD-19,0,0.0,34.0,0.0,17.0,1.0,379.0,0.0,71.0,0.0,521.0,1.0,89.0,0.0,215.0,0.0,824.0,0.0,92.0,0.0,190.0,0.0,67.0,0.0,39.0,0.0,52.0,0.0,114.0,0.0,54.0,0.0,30.0,0.0,1.0,0.0,4.0,0.0,18.0,0.0,15.0,0.0,62.0,0.0,168.0,0.0,39.0,0.0,212.0,0.0,279.0,0.0,89.0,0.0,176.0,0.0,7.0,0.0,277.0,0.0,96.0,0.0,3138.0,0.0,526.0,0.0,1648.0,0.0,233.0,0.0,244.0,0.0,1000.0
PDD-2,0,0.0,41.0,0.0,43.0,0.0,9.0,0.0,342.0,1.0,1422.0,0.0,17.0,0.0,158.0,0.0,81.0,0.0,18.0,0.0,101.0,0.0,106.0,0.0,239.0,0.0,58.0,0.0,64.0,0.0,406.0,0.0,56.0,0.0,31.0,0.0,15.0,0.0,26.0,0.0,47.0,0.0,2.0,1.0,583.0,0.0,3.0,0.0,94.0,0.0,119.0,0.0,513.0,0.0,775.0,0.0,74.0,0.0,137.0,0.0,780.0,1.0,351.0,0.0,166.0,0.0,863.0,0.0,96.0,0.0,54.0,0.0,38.0
PDD-20,0,0.0,320.0,0.0,195.0,0.0,1117.0,0.0,245.0,0.0,2415.0,1.0,623.0,0.0,122.0,0.0,422.0,0.0,401.0,0.0,1531.0,0.0,542.0,0.0,45.0,0.0,16.0,0.0,232.0,0.0,9.0,0.0,94.0,0.0,37.0,0.0,53.0,0.0,78.0,0.0,35.0,0.0,88.0,0.0,564.0,0.0,240.0,0.0,247.0,0.0,178.0,0.0,266.0,0.0,119.0,0.0,191.0,1.0,80.0,0.0,224.0,0.0,437.0,0.0,299.0,0.0,413.0,0.0,99.0,0.0,43.0,0.0,255.0
PDD-21,0,0.0,1.0,0.0,2.0,0.0,0.0,0.0,0.0,0.0,15.0,0.0,0.0,0.0,8.0,0.0,10.0,0.0,4.0,0.0,10.0,0.0,0.0,0.0,5.0,0.0,1.0,0.0,0.0,0.0,1.0,0.0,3.0,0.0,2.0,0.0,4.0,0.0,6.0,0.0,5.0,0.0,0.0,1.0,24.0,0.0,0.0,0.0,0.0,0.0,1.0,0.0,7.0,0.0,3.0,0.0,0.0,0.0,1.0,0.0,1.0,0.0,24.0,0.0,0.0,0.0,0.0,0.0,6.0,0.0,5.0,0.0,2.0
PDD-22,0,1.0,468.0,0.0,1379.0,0.0,467.0,0.0,19.0,0.0,677.0,0.0,943.0,0.0,166.0,0.0,213.0,0.0,31.0,0.0,1121.0,0.0,389.0,0.0,60.0,0.0,14.0,0.0,21.0,0.0,118.0,1.0,551.0,0.0,94.0,0.0,242.0,0.0,76.0,0.0,71.0,0.0,154.0,0.0,49.0,0.0,43.0,0.0,1047.0,0.0,10.0,0.0,20.0,0.0,225.0,0.0,368.0,0.0,55.0,0.0,149.0,0.0,326.0,0.0,177.0,1.0,382.0,0.0,239.0,0.0,166.0,0.0,506.0
PDD-23,0,0.0,449.0,0.0,225.0,0.0,529.0,2.0,363.0,0.0,1189.0,0.0,907.0,1.0,659.0,0.0,449.0,0.0,1112.0,0.0,1432.0,0.0,396.0,0.0,2110.0,0.0,1303.0,0.0,16.0,0.0,283.0,0.0,75.0,0.0,106.0,0.0,45.0,0.0,67.0,0.0,71.0,0.0,187.0,0.0,168.0,0.0,31.0,0.0,53.0,0.0,353.0,0.0,419.0,0.0,369.0,0.0,340.0,0.0,252.0,0.0,1847.0,0.0,3107.0,0.0,215.0,0.0,1478.0,0.0,103.0,0.0,236.0,0.0,2963.0
PDD-24,0,0.0,361.0,0.0,224.0,0.0,67.0,0.0,286.0,0.0,17.0,0.0,158.0,0.0,75.0,0.0,232.0,0.0,86.0,0.0,393.0,0.0,108.0,1.0,331.0,0.0,16.0,0.0,416.0,0.0,46.0,0.0,792.0,0.0,717.0,0.0,498.0,0.0,286.0,0.0,116.0,0.0,62.0,0.0,37.0,0.0,22.0,0.0,85.0,0.0,1.0,0.0,342.0,0.0,77.0,0.0,423.0,0.0,34.0,0.0,261.0,0.0,363.0,0.0,188.0,0.0,378.0,0.0,504.0,0.0,390.0,0.0,148.0
PDD-25,0,0.0,114.0,0.0,8.0,0.0,471.0,0.0,81.0,0.0,181.0,0.0,1.0,0.0,48.0,0.0,123.0,0.0,116.0,0.0,328.0,0.0,24.0,0.0,359.0,0.0,64.0,0.0,160.0,0.0,156.0,0.0,186.0,0.0,60.0,0.0,55.0,0.0,218.0,0.0,46.0,0.0,41.0,1.0,450.0,0.0,165.0,0.0,315.0,0.0,80.0,0.0,45.0,0.0,674.0,0.0,41.0,0.0,292.0,0.0,240.0,0.0,131.0,0.0,31.0,0.0,921.0,0.0,62.0,0.0,47.0,0.0,175.0
PDD-26,0,0.0,27.0,0.0,84.0,0.0,10.0,0.0,8.0,0.0,499.0,0.0,21.0,0.0,94.0,0.0,518.0,5.0,1728.0,0.0,124.0,0.0,150.0,0.0,61.0,0.0,475.0,1.0,1145.0,0.0,97.0,0.0,557.0,1.0,512.0,0.0,502.0,0.0,8.0,1.0,1125.0,0.0,3.0,0.0,233.0,0.0,27.0,0.0,83.0,0.0,47.0,0.0,105.0,0.0,81.0,0.0,26.0,0.0,675.0,1.0,669.0,0.0,337.0,0.0,219.0,0.0,117.0,0.0,1015.0,0.0,743.0,0.0,186.0
PDD-27,0,0.0,415.0,0.0,912.0,0.0,272.0,1.0,695.0,0.0,751.0,0.0,323.0,0.0,95.0,0.0,472.0,2.0,1240.0,0.0,497.0,0.0,244.0,0.0,524.0,0.0,178.0,0.0,296.0,0.0,312.0,0.0,54.0,0.0,365.0,0.0,374.0,0.0,448.0,0.0,29.0,0.0,41.0,0.0,126.0,0.0,46.0,0.0,266.0,0.0,14.0,0.0,25.0,0.0,101.0,0.0,254.0,0.0,980.0,0.0,517.0,0.0,1000.0,0.0,116.0,0.0,551.0,0.0,380.0,0.0,405.0,0.0,1359.0
PDD-28,0,0.0,26.0,0.0,224.0,0.0,564.0,0.0,940.0,0.0,723.0,0.0,138.0,0.0,84.0,0.0,604.0,0.0,37.0,0.0,26.0,0.0,102.0,0.0,312.0,0.0,84.0,0.0,35.0,0.0,70.0,0.0,15.0,0.0,9.0,0.0,4.0,0.0,254.0,0.0,41.0,0.0,39.0,0.0,61.0,0.0,13.0,0.0,22.0,0.0,30.0,0.0,89.0,0.0,0.0,0.0,1.0,0.0,5.0,0.0,118.0,0.0,47.0,0.0,201.0,0.0,183.0,0.0,175.0,0.0,413.0,0.0,5.0
PDD-29,0,0.0,1.0,0.0,1.0,0.0,1.0,0.0,0.0,0.0,1.0,0.0,2.0,0.0,0.0,0.0,0.0,0.0,1.0,0.0,0.0,0.0,0.0,0.0,1.0,0.0,1.0,0.0,0.0,0.0,0.0,0.0,0.0,0.0,0.0,0.0,0.0,0.0,0.0,0.0,0.0,0.0,0.0,0.0,3.0,0.0,0.0,0.0,0.0,0.0,0.0,0.0,0.0,0.0,0.0,0.0,2.0,0.0,0.0,0.0,0.0,0.0,3.0,0.0,2.0,0.0,0.0,0.0,0.0,0.0,0.0,0.0,1.0
PDD-3,0,0.0,475.0,0.0,56.0,0.0,101.0,0.0,199.0,0.0,289.0,0.0,177.0,0.0,33.0,0.0,6.0,0.0,24.0,0.0,443.0,0.0,413.0,0.0,152.0,0.0,18.0,0.0,32.0,0.0,48.0,0.0,174.0,0.0,63.0,0.0,133.0,0.0,709.0,0.0,472.0,0.0,33.0,0.0,18.0,0.0,293.0,0.0,182.0,0.0,74.0,0.0,60.0,0.0,418.0,0.0,36.0,0.0,107.0,2.0,823.0,0.0,106.0,0.0,30.0,0.0,276.0,0.0,85.0,0.0,66.0,0.0,386.0
PDD-30,0,0.0,192.0,0.0,394.0,0.0,33.0,0.0,152.0,0.0,2415.0,0.0,236.0,0.0,60.0,0.0,416.0,1.0,770.0,0.0,477.0,0.0,96.0,0.0,1395.0,0.0,40.0,0.0,0.0,0.0,95.0,1.0,473.0,0.0,87.0,0.0,112.0,0.0,36.0,0.0,523.0,0.0,15.0,0.0,270.0,0.0,320.0,0.0,278.0,0.0,14.0,0.0,246.0,0.0,197.0,0.0,197.0,0.0,3.0,0.0,22.0,0.0,562.0,0.0,450.0,0.0,39.0,0.0,65.0,0.0,113.0,0.0,212.0
PDD-31,0,0.0,2.0,0.0,28.0,0.0,15.0,0.0,426.0,0.0,12.0,0.0,13.0,0.0,132.0,0.0,39.0,0.0,11.0,0.0,30.0,0.0,800.0,0.0,10.0,0.0,25.0,0.0,1.0,0.0,568.0,0.0,12.0,1.0,590.0,0.0,505.0,0.0,22.0,0.0,76.0,0.0,3.0,0.0,29.0,0.0,12.0,0.0,7.0,0.0,5.0,0.0,3.0,0.0,9.0,0.0,2.0,0.0,3.0,0.0,498.0,0.0,23.0,0.0,43.0,0.0,5.0,0.0,12.0,0.0,60.0,0.0,923.0
PDD-32,0,0.0,105.0,0.0,726.0,0.0,16.0,0.0,104.0,0.0,905.0,0.0,789.0,0.0,62.0,0.0,250.0,0.0,164.0,0.0,1704.0,0.0,189.0,0.0,647.0,0.0,8.0,0.0,8.0,0.0,504.0,0.0,112.0,0.0,80.0,0.0,258.0,0.0,52.0,0.0,9.0,0.0,117.0,0.0,1412.0,0.0,11.0,0.0,135.0,0.0,88.0,0.0,12.0,0.0,913.0,0.0,354.0,0.0,211.0,0.0,160.0,0.0,844.0,0.0,254.0,0.0,110.0,0.0,90.0,0.0,66.0,0.0,1238.0
PDD-33,0,0.0,168.0,0.0,86.0,0.0,580.0,0.0,51.0,0.0,106.0,0.0,10.0,0.0,240.0,0.0,11.0,0.0,164.0,0.0,863.0,0.0,100.0,0.0,162.0,0.0,56.0,0.0,21.0,0.0,12.0,0.0,258.0,0.0,27.0,0.0,3.0,0.0,10.0,0.0,4.0,0.0,11.0,0.0,281.0,0.0,13.0,0.0,6.0,0.0,493.0,0.0,8.0,0.0,68.0,0.0,88.0,0.0,12.0,0.0,178.0,0.0,6.0,2.0,168.0,0.0,285.0,0.0,2.0,0.0,7.0,2.0,447.0
PDD-34,0,0.0,357.0,0.0,4.0,0.0,130.0,0.0,1168.0,0.0,2177.0,0.0,198.0,0.0,174.0,0.0,222.0,0.0,182.0,0.0,92.0,0.0,70.0,0.0,1654.0,0.0,225.0,0.0,211.0,0.0,333.0,0.0,288.0,0.0,36.0,0.0,21.0,0.0,43.0,0.0,6.0,0.0,4.0,0.0,161.0,0.0,17.0,0.0,85.0,0.0,228.0,0.0,10.0,0.0,32.0,0.0,312.0,0.0,47.0,0.0,203.0,1.0,187.0,0.0,402.0,0.0,547.0,0.0,99.0,0.0,57.0,0.0,509.0
PDD-35,0,0.0,35.0,0.0,20.0,1.0,1212.0,0.0,69.0,0.0,429.0,0.0,222.0,0.0,49.0,0.0,303.0,0.0,744.0,0.0,547.0,0.0,17.0,0.0,141.0,0.0,1464.0,0.0,163.0,0.0,62.0,1.0,899.0,0.0,145.0,0.0,184.0,0.0,176.0,0.0,169.0,0.0,33.0,0.0,38.0,0.0,424.0,0.0,128.0,0.0,138.0,0.0,200.0,2.0,1504.0,0.0,115.0,0.0,894.0,0.0,4.0,0.0,794.0,0.0,174.0,0.0,24.0,0.0,678.0,0.0,399.0,0.0,475.0
PDD-36,0,0.0,328.0,0.0,257.0,0.0,377.0,0.0,183.0,0.0,275.0,0.0,489.0,0.0,90.0,0.0,348.0,0.0,42.0,0.0,168.0,0.0,105.0,0.0,216.0,0.0,139.0,0.0,140.0,1.0,232.0,0.0,16.0,1.0,322.0,0.0,221.0,0.0,127.0,0.0,320.0,0.0,12.0,0.0,155.0,0.0,4.0,0.0,10.0,0.0,4.0,0.0,790.0,0.0,729.0,0.0,81.0,0.0,26.0,0.0,68.0,0.0,79.0,0.0,289.0,0.0,87.0,0.0,678.0,0.0,612.0,0.0,525.0
PDD-37,0,0.0,667.0,0.0,241.0,0.0,138.0,0.0,119.0,0.0,16.0,0.0,156.0,0.0,198.0,0.0,78.0,0.0,66.0,0.0,1182.0,0.0,84.0,0.0,394.0,0.0,68.0,0.0,386.0,0.0,95.0,0.0,212.0,0.0,204.0,0.0,251.0,1.0,193.0,0.0,47.0,0.0,9.0,0.0,16.0,0.0,93.0,0.0,177.0,0.0,110.0,0.0,359.0,0.0,529.0,0.0,38.0,0.0,1100.0,0.0,142.0,0.0,138.0,0.0,311.0,0.0,86.0,0.0,20.0,0.0,39.0,0.0,722.0
PDD-38,0,0.0,65.0,0.0,213.0,0.0,36.0,0.0,517.0,0.0,196.0,0.0,83.0,0.0,95.0,0.0,45.0,0.0,91.0,0.0,392.0,1.0,518.0,0.0,101.0,0.0,9.0,0.0,609.0,0.0,1.0,0.0,295.0,0.0,182.0,0.0,219.0,0.0,10.0,0.0,14.0,0.0,0.0,0.0,33.0,0.0,11.0,0.0,34.0,0.0,99.0,0.0,53.0,0.0,244.0,0.0,1059.0,0.0,89.0,0.0,401.0,0.0,762.0,0.0,49.0,0.0,311.0,0.0,680.0,0.0,479.0,0.0,916.0
PDD-39,0,0.0,338.0,0.0,120.0,0.0,121.0,0.0,364.0,0.0,29.0,0.0,18.0,0.0,770.0,0.0,32.0,0.0,109.0,0.0,245.0,0.0,644.0,0.0,854.0,0.0,120.0,0.0,195.0,0.0,62.0,0.0,6.0,0.0,124.0,0.0,108.0,0.0,92.0,0.0,41.0,0.0,30.0,0.0,133.0,0.0,406.0,0.0,540.0,0.0,52.0,0.0,194.0,0.0,275.0,0.0,11.0,0.0,861.0,0.0,53.0,0.0,42.0,0.0,47.0,0.0,1694.0,0.0,819.0,0.0,666.0,0.0,44.0
PDD-4,0,0.0,197.0,0.0,579.0,1.0,345.0,0.0,266.0,0.0,349.0,0.0,258.0,0.0,396.0,0.0,10.0,0.0,35.0,1.0,134.0,0.0,33.0,0.0,2172.0,0.0,35.0,0.0,121.0,0.0,60.0,0.0,147.0,0.0,11.0,0.0,2.0,0.0,1584.0,0.0,139.0,0.0,133.0,0.0,781.0,0.0,13.0,0.0,242.0,0.0,9.0,0.0,44.0,0.0,449.0,0.0,737.0,1.0,31.0,0.0,404.0,0.0,738.0,0.0,496.0,0.0,425.0,0.0,74.0,0.0,44.0,0.0,484.0
PDD-40,0,0.0,74.0,0.0,60.0,0.0,124.0,0.0,8.0,0.0,1095.0,0.0,2.0,0.0,99.0,2.0,852.0,0.0,123.0,0.0,668.0,0.0,52.0,0.0,499.0,0.0,141.0,0.0,1.0,0.0,19.0,0.0,485.0,1.0,612.0,0.0,431.0,0.0,216.0,0.0,547.0,0.0,42.0,1.0,3360.0,0.0,12.0,0.0,198.0,0.0,39.0,0.0,265.0,0.0,208.0,0.0,21.0,0.0,79.0,0.0,7.0,0.0,1393.0,0.0,4.0,0.0,68.0,0.0,703.0,0.0,743.0,0.0,43.0
PDD-41,0,0.0,308.0,0.0,27.0,0.0,98.0,0.0,59.0,0.0,11.0,0.0,126.0,0.0,47.0,0.0,172.0,0.0,75.0,0.0,253.0,0.0,92.0,0.0,31.0,0.0,26.0,0.0,23.0,0.0,58.0,1.0,63.0,0.0,31.0,0.0,25.0,0.0,177.0,0.0,58.0,0.0,43.0,0.0,513.0,0.0,51.0,0.0,552.0,0.0,37.0,0.0,164.0,0.0,26.0,0.0,28.0,0.0,67.0,0.0,48.0,0.0,15.0,0.0,262.0,0.0,685.0,0.0,100.0,0.0,70.0,0.0,1315.0
PDD-42,0,0.0,241.0,0.0,151.0,1.0,29.0,0.0,69.0,0.0,193.0,0.0,80.0,0.0,15.0,0.0,5.0,3.0,68.0,0.0,468.0,0.0,164.0,0.0,62.0,0.0,81.0,0.0,202.0,1.0,83.0,0.0,26.0,0.0,17.0,0.0,7.0,1.0,384.0,0.0,8.0,0.0,121.0,0.0,8.0,0.0,31.0,0.0,612.0,0.0,60.0,0.0,149.0,0.0,523.0,0.0,9.0,0.0,118.0,0.0,287.0,0.0,96.0,0.0,13.0,0.0,997.0,0.0,3.0,0.0,7.0,1.0,210.0
PDD-43,0,0.0,25.0,0.0,50.0,0.0,664.0,0.0,57.0,0.0,393.0,0.0,505.0,0.0,156.0,0.0,93.0,0.0,20.0,0.0,681.0,0.0,40.0,0.0,366.0,0.0,185.0,0.0,48.0,0.0,12.0,0.0,26.0,0.0,450.0,0.0,471.0,0.0,57.0,0.0,20.0,0.0,6.0,0.0,7.0,0.0,34.0,0.0,13.0,0.0,32.0,0.0,133.0,0.0,56.0,0.0,432.0,1.0,13.0,0.0,291.0,0.0,76.0,0.0,150.0,0.0,68.0,0.0,94.0,0.0,78.0,0.0,609.0
PDD-44,0,0.0,220.0,0.0,30.0,1.0,963.0,1.0,896.0,0.0,48.0,0.0,98.0,0.0,42.0,0.0,606.0,0.0,723.0,0.0,1140.0,0.0,329.0,0.0,110.0,0.0,18.0,0.0,198.0,0.0,21.0,0.0,274.0,0.0,154.0,0.0,131.0,1.0,325.0,0.0,55.0,3.0,77.0,0.0,96.0,0.0,84.0,0.0,176.0,0.0,107.0,0.0,24.0,0.0,105.0,0.0,39.0,0.0,185.0,0.0,166.0,0.0,1279.0,0.0,1.0,0.0,372.0,0.0,841.0,0.0,735.0,0.0,18.0
PDD-45,0,0.0,42.0,0.0,108.0,0.0,285.0,0.0,96.0,0.0,70.0,0.0,404.0,0.0,3.0,0.0,35.0,1.0,84.0,1.0,1524.0,0.0,222.0,0.0,199.0,0.0,31.0,0.0,1751.0,0.0,190.0,0.0,77.0,0.0,192.0,0.0,140.0,0.0,796.0,0.0,236.0,0.0,44.0,0.0,545.0,0.0,80.0,0.0,305.0,0.0,184.0,0.0,204.0,1.0,957.0,0.0,1462.0,0.0,194.0,0.0,166.0,0.0,40.0,0.0,300.0,1.0,3315.0,0.0,64.0,0.0,101.0,0.0,323.0
PDD-46,0,0.0,84.0,0.0,499.0,0.0,639.0,0.0,800.0,0.0,140.0,0.0,67.0,0.0,71.0,0.0,190.0,2.0,543.0,0.0,2058.0,0.0,777.0,0.0,1780.0,0.0,829.0,0.0,177.0,0.0,206.0,0.0,432.0,0.0,203.0,0.0,217.0,0.0,145.0,0.0,28.0,0.0,117.0,0.0,90.0,0.0,88.0,0.0,25.0,0.0,145.0,0.0,179.0,0.0,168.0,0.0,26.0,1.0,138.0,0.0,69.0,0.0,1244.0,0.0,139.0,0.0,704.0,0.0,253.0,0.0,138.0,0.0,1305.0
PDD-47,0,0.0,15.0,0.0,25.0,0.0,98.0,0.0,181.0,0.0,108.0,0.0,556.0,0.0,77.0,0.0,155.0,0.0,104.0,0.0,90.0,1.0,514.0,0.0,1587.0,0.0,47.0,0.0,109.0,0.0,28.0,0.0,265.0,0.0,86.0,0.0,114.0,0.0,6.0,0.0,371.0,0.0,163.0,0.0,260.0,0.0,32.0,0.0,987.0,0.0,8.0,0.0,60.0,0.0,554.0,0.0,118.0,0.0,20.0,0.0,185.0,0.0,147.0,0.0,11.0,0.0,393.0,0.0,613.0,0.0,424.0,0.0,83.0
PDD-48,0,0.0,181.0,1.0,334.0,0.0,249.0,0.0,421.0,0.0,413.0,0.0,48.0,0.0,165.0,0.0,90.0,0.0,99.0,0.0,2478.0,1.0,165.0,0.0,78.0,0.0,180.0,0.0,114.0,0.0,144.0,0.0,10.0,0.0,19.0,0.0,27.0,0.0,167.0,0.0,9.0,0.0,105.0,1.0,932.0,0.0,76.0,0.0,192.0,0.0,51.0,0.0,78.0,0.0,179.0,2.0,866.0,0.0,267.0,0.0,18.0,0.0,189.0,0.0,37.0,0.0,20.0,0.0,240.0,0.0,123.0,0.0,252.0
PDD-49,0,0.0,13.0,1.0,589.0,0.0,18.0,0.0,213.0,0.0,146.0,0.0,153.0,0.0,8.0,0.0,2.0,0.0,32.0,0.0,95.0,0.0,43.0,0.0,579.0,0.0,357.0,0.0,45.0,0.0,72.0,0.0,60.0,0.0,67.0,0.0,68.0,0.0,60.0,0.0,175.0,0.0,4.0,0.0,91.0,0.0,25.0,0.0,1363.0,0.0,71.0,0.0,11.0,0.0,746.0,1.0,2232.0,0.0,385.0,0.0,159.0,0.0,183.0,0.0,41.0,0.0,21.0,0.0,225.0,0.0,110.0,0.0,1738.0
PDD-5,0,0.0,65.0,0.0,262.0,0.0,181.0,0.0,84.0,1.0,1292.0,0.0,345.0,0.0,177.0,0.0,97.0,1.0,870.0,0.0,2299.0,0.0,153.0,0.0,2167.0,0.0,425.0,0.0,519.0,0.0,71.0,0.0,178.0,0.0,45.0,0.0,27.0,0.0,1060.0,0.0,475.0,0.0,12.0,0.0,401.0,0.0,173.0,0.0,161.0,0.0,53.0,0.0,218.0,0.0,33.0,0.0,927.0,1.0,788.0,0.0,200.0,0.0,1779.0,0.0,371.0,0.0,70.0,0.0,128.0,0.0,12.0,0.0,884.0
PDD-50,0,0.0,310.0,0.0,458.0,0.0,227.0,2.0,1261.0,0.0,88.0,0.0,64.0,0.0,57.0,0.0,17.0,0.0,36.0,0.0,1002.0,0.0,29.0,0.0,208.0,0.0,38.0,0.0,72.0,0.0,347.0,0.0,132.0,0.0,188.0,0.0,189.0,0.0,150.0,0.0,939.0,0.0,60.0,0.0,28.0,0.0,230.0,0.0,127.0,0.0,97.0,0.0,141.0,0.0,571.0,0.0,53.0,0.0,5.0,0.0,812.0,0.0,1037.0,0.0,60.0,0.0,598.0,0.0,91.0,0.0,27.0,0.0,275.0
PDD-51,0,0.0,866.0,0.0,574.0,0.0,13.0,0.0,29.0,0.0,327.0,0.0,20.0,0.0,71.0,0.0,19.0,0.0,6.0,0.0,466.0,0.0,27.0,0.0,1669.0,0.0,1352.0,0.0,33.0,0.0,139.0,0.0,21.0,0.0,42.0,0.0,69.0,0.0,17.0,0.0,27.0,0.0,3.0,0.0,141.0,0.0,122.0,0.0,101.0,0.0,0.0,0.0,44.0,0.0,585.0,0.0,22.0,0.0,35.0,0.0,71.0,0.0,27.0,0.0,20.0,0.0,10.0,0.0,35.0,0.0,5.0,0.0,242.0
PDD-52,0,1.0,946.0,0.0,316.0,0.0,298.0,0.0,265.0,0.0,254.0,0.0,37.0,0.0,117.0,0.0,1098.0,1.0,345.0,0.0,52.0,0.0,26.0,0.0,114.0,0.0,39.0,1.0,1642.0,0.0,115.0,0.0,59.0,0.0,1.0,0.0,10.0,0.0,611.0,0.0,87.0,0.0,53.0,1.0,889.0,0.0,31.0,0.0,320.0,0.0,0.0,0.0,175.0,0.0,1.0,0.0,175.0,0.0,157.0,0.0,487.0,0.0,1853.0,0.0,46.0,0.0,103.0,0.0,113.0,0.0,0.0,0.0,96.0
PDD-53,0,0.0,791.0,0.0,187.0,0.0,190.0,1.0,501.0,0.0,83.0,0.0,206.0,0.0,17.0,0.0,456.0,0.0,25.0,0.0,130.0,0.0,805.0,0.0,664.0,0.0,24.0,0.0,110.0,0.0,176.0,0.0,132.0,0.0,57.0,0.0,73.0,0.0,25.0,0.0,85.0,0.0,38.0,0.0,166.0,0.0,18.0,0.0,71.0,0.0,35.0,0.0,2.0,0.0,11.0,0.0,19.0,0.0,256.0,0.0,201.0,0.0,484.0,0.0,427.0,0.0,205.0,0.0,185.0,0.0,153.0,0.0,239.0
PDD-54,0,0.0,70.0,0.0,7.0,0.0,52.0,0.0,201.0,0.0,22.0,0.0,392.0,0.0,22.0,0.0,636.0,0.0,227.0,0.0,986.0,0.0,30.0,0.0,314.0,0.0,123.0,0.0,66.0,0.0,23.0,0.0,11.0,0.0,175.0,0.0,220.0,0.0,151.0,0.0,2.0,0.0,12.0,0.0,98.0,0.0,0.0,0.0,7.0,0.0,46.0,0.0,117.0,0.0,40.0,0.0,86.0,0.0,256.0,0.0,76.0,0.0,12.0,0.0,82.0,0.0,1006.0,0.0,45.0,0.0,14.0,0.0,95.0
PDD-55,0,0.0,88.0,0.0,32.0,0.0,11.0,0.0,17.0,0.0,411.0,0.0,73.0,0.0,56.0,0.0,28.0,0.0,16.0,0.0,50.0,0.0,234.0,0.0,27.0,0.0,14.0,0.0,8.0,0.0,88.0,0.0,1.0,0.0,9.0,0.0,6.0,0.0,28.0,0.0,61.0,0.0,286.0,0.0,7.0,0.0,12.0,0.0,308.0,0.0,8.0,0.0,20.0,0.0,604.0,0.0,207.0,0.0,6.0,0.0,93.0,0.0,44.0,1.0,396.0,0.0,572.0,0.0,168.0,0.0,96.0,0.0,449.0
PDD-56,0,0.0,49.0,0.0,160.0,0.0,185.0,0.0,124.0,0.0,63.0,0.0,70.0,0.0,428.0,0.0,22.0,0.0,53.0,0.0,561.0,0.0,16.0,0.0,3.0,0.0,8.0,0.0,489.0,0.0,6.0,0.0,365.0,0.0,160.0,0.0,112.0,0.0,260.0,0.0,17.0,0.0,146.0,0.0,15.0,0.0,23.0,0.0,20.0,0.0,1.0,0.0,36.0,0.0,34.0,0.0,423.0,0.0,9.0,0.0,14.0,0.0,195.0,0.0,431.0,0.0,962.0,0.0,342.0,0.0,307.0,0.0,138.0
PDD-57,0,0.0,117.0,0.0,20.0,0.0,220.0,0.0,180.0,0.0,90.0,0.0,27.0,0.0,13.0,0.0,110.0,0.0,90.0,0.0,524.0,0.0,6.0,0.0,64.0,0.0,147.0,0.0,8.0,0.0,173.0,0.0,21.0,0.0,79.0,0.0,68.0,0.0,30.0,0.0,296.0,0.0,67.0,0.0,466.0,0.0,37.0,0.0,60.0,0.0,1.0,0.0,6.0,0.0,602.0,0.0,31.0,0.0,141.0,0.0,182.0,0.0,156.0,0.0,45.0,0.0,175.0,0.0,230.0,0.0,321.0,0.0,1076.0
PDD-58,0,1.0,320.0,0.0,86.0,0.0,92.0,0.0,1207.0,0.0,912.0,0.0,416.0,0.0,670.0,0.0,456.0,0.0,17.0,0.0,78.0,0.0,10.0,0.0,229.0,0.0,454.0,0.0,506.0,0.0,110.0,0.0,210.0,0.0,138.0,0.0,168.0,0.0,823.0,0.0,457.0,0.0,170.0,0.0,128.0,0.0,16.0,1.0,2168.0,0.0,91.0,0.0,128.0,0.0,636.0,0.0,12.0,1.0,72.0,0.0,148.0,0.0,68.0,0.0,67.0,0.0,37.0,0.0,34.0,0.0,2.0,0.0,560.0
PDD-59,0,0.0,221.0,0.0,206.0,0.0,247.0,0.0,170.0,0.0,37.0,0.0,109.0,0.0,51.0,0.0,287.0,0.0,144.0,0.0,2343.0,0.0,262.0,0.0,123.0,0.0,48.0,0.0,118.0,0.0,85.0,0.0,163.0,0.0,131.0,0.0,234.0,0.0,161.0,0.0,71.0,0.0,18.0,0.0,49.0,0.0,152.0,0.0,287.0,0.0,10.0,0.0,16.0,0.0,439.0,0.0,157.0,0.0,236.0,1.0,846.0,0.0,269.0,0.0,115.0,0.0,490.0,0.0,54.0,0.0,26.0,0.0,639.0
PDD-6,0,0.0,626.0,0.0,134.0,0.0,16.0,0.0,55.0,0.0,235.0,0.0,129.0,0.0,247.0,0.0,157.0,0.0,252.0,0.0,796.0,0.0,403.0,0.0,67.0,0.0,73.0,0.0,46.0,0.0,17.0,0.0,198.0,0.0,135.0,0.0,166.0,0.0,1323.0,0.0,4.0,0.0,91.0,0.0,74.0,0.0,79.0,0.0,130.0,0.0,97.0,0.0,158.0,0.0,33.0,0.0,127.0,3.0,64.0,0.0,301.0,0.0,32.0,0.0,161.0,0.0,1308.0,0.0,742.0,0.0,317.0,0.0,263.0
PDD-60,0,0.0,79.0,0.0,7.0,0.0,34.0,0.0,7.0,0.0,27.0,0.0,6.0,0.0,0.0,0.0,126.0,0.0,57.0,0.0,215.0,0.0,31.0,0.0,41.0,0.0,7.0,0.0,6.0,0.0,79.0,0.0,10.0,0.0,0.0,0.0,1.0,0.0,24.0,0.0,23.0,0.0,0.0,0.0,21.0,0.0,1.0,0.0,26.0,0.0,35.0,0.0,10.0,0.0,9.0,0.0,18.0,0.0,38.0,0.0,39.0,0.0,91.0,0.0,6.0,0.0,20.0,0.0,9.0,0.0,15.0,0.0,30.0
PDD-61,0,0.0,191.0,0.0,52.0,0.0,120.0,0.0,229.0,0.0,11.0,0.0,1.0,0.0,17.0,0.0,621.0,0.0,73.0,0.0,100.0,0.0,27.0,0.0,1406.0,0.0,80.0,0.0,627.0,0.0,6.0,1.0,933.0,0.0,47.0,0.0,54.0,0.0,282.0,0.0,8.0,1.0,82.0,0.0,1040.0,0.0,4.0,0.0,63.0,0.0,35.0,0.0,39.0,0.0,1041.0,0.0,0.0,0.0,29.0,0.0,725.0,0.0,102.0,0.0,280.0,0.0,43.0,0.0,27.0,0.0,32.0,0.0,1605.0
PDD-62,0,0.0,480.0,0.0,210.0,1.0,284.0,0.0,901.0,0.0,883.0,0.0,183.0,0.0,125.0,0.0,110.0,0.0,72.0,1.0,2263.0,1.0,353.0,0.0,50.0,0.0,17.0,0.0,43.0,0.0,51.0,0.0,421.0,0.0,26.0,0.0,50.0,0.0,3.0,0.0,464.0,0.0,340.0,0.0,446.0,0.0,2.0,0.0,8.0,0.0,132.0,0.0,176.0,0.0,108.0,0.0,96.0,0.0,451.0,0.0,740.0,0.0,1157.0,0.0,42.0,0.0,278.0,0.0,11.0,0.0,8.0,0.0,296.0
PDD-63,0,0.0,4.0,1.0,232.0,0.0,112.0,0.0,26.0,0.0,1019.0,0.0,8.0,0.0,7.0,0.0,326.0,0.0,247.0,0.0,1595.0,0.0,139.0,0.0,64.0,0.0,74.0,0.0,3.0,0.0,160.0,0.0,8.0,0.0,52.0,0.0,49.0,0.0,33.0,0.0,251.0,0.0,28.0,0.0,221.0,1.0,261.0,0.0,344.0,0.0,28.0,0.0,75.0,0.0,22.0,0.0,15.0,0.0,36.0,0.0,30.0,0.0,100.0,0.0,38.0,0.0,350.0,0.0,5.0,0.0,0.0,0.0,47.0
PDD-64,0,0.0,17.0,1.0,191.0,0.0,80.0,0.0,22.0,0.0,911.0,0.0,9.0,0.0,4.0,0.0,216.0,0.0,248.0,0.0,1196.0,0.0,118.0,0.0,53.0,0.0,74.0,0.0,1.0,0.0,164.0,0.0,3.0,0.0,57.0,0.0,23.0,0.0,33.0,0.0,191.0,0.0,45.0,0.0,202.0,0.0,151.0,0.0,250.0,0.0,22.0,0.0,66.0,0.0,30.0,0.0,10.0,1.0,40.0,0.0,26.0,0.0,124.0,0.0,62.0,0.0,322.0,0.0,5.0,0.0,8.0,0.0,31.0
PDD-65,0,0.0,278.0,1.0,45.0,0.0,10.0,0.0,344.0,0.0,268.0,0.0,233.0,0.0,30.0,0.0,222.0,2.0,639.0,0.0,515.0,0.0,248.0,0.0,812.0,0.0,143.0,0.0,6.0,1.0,544.0,0.0,13.0,0.0,15.0,3.0,12.0,0.0,797.0,0.0,132.0,0.0,107.0,0.0,264.0,0.0,38.0,0.0,69.0,0.0,33.0,0.0,101.0,0.0,86.0,1.0,175.0,0.0,346.0,0.0,209.0,0.0,2073.0,0.0,104.0,0.0,1447.0,0.0,220.0,0.0,221.0,0.0,164.0
PDD-66,0,0.0,0.0,0.0,0.0,0.0,8.0,0.0,29.0,0.0,1.0,0.0,5.0,0.0,3.0,0.0,6.0,0.0,18.0,0.0,3.0,0.0,900.0,0.0,1128.0,0.0,2.0,0.0,0.0,0.0,1115.0,0.0,3.0,0.0,4.0,0.0,0.0,0.0,0.0,0.0,734.0,2.0,1022.0,0.0,106.0,0.0,0.0,0.0,7.0,0.0,0.0,0.0,104.0,0.0,47.0,0.0,72.0,2.0,4.0,0.0,69.0,0.0,10.0,0.0,3.0,0.0,3.0,0.0,116.0,0.0,22.0,0.0,120.0
PDD-67,0,0.0,3.0,0.0,0.0,0.0,1118.0,0.0,635.0,0.0,7.0,0.0,49.0,0.0,134.0,0.0,2.0,2.0,917.0,0.0,94.0,0.0,72.0,0.0,981.0,0.0,6.0,0.0,4.0,0.0,68.0,0.0,1.0,0.0,201.0,0.0,151.0,0.0,55.0,0.0,46.0,0.0,21.0,0.0,33.0,0.0,0.0,0.0,14.0,0.0,2.0,0.0,72.0,0.0,233.0,0.0,1.0,1.0,360.0,0.0,309.0,0.0,10.0,0.0,311.0,0.0,21.0,0.0,77.0,0.0,140.0,0.0,3215.0
PDD-68,0,0.0,535.0,0.0,477.0,0.0,41.0,0.0,875.0,0.0,412.0,0.0,246.0,0.0,140.0,0.0,450.0,0.0,60.0,0.0,631.0,0.0,308.0,0.0,507.0,0.0,104.0,0.0,906.0,0.0,197.0,0.0,136.0,0.0,196.0,0.0,204.0,0.0,77.0,0.0,250.0,0.0,10.0,1.0,448.0,0.0,173.0,0.0,511.0,0.0,79.0,0.0,17.0,0.0,812.0,0.0,768.0,0.0,63.0,0.0,361.0,1.0,1665.0,0.0,208.0,0.0,131.0,0.0,608.0,0.0,775.0,0.0,284.0
PDD-69,0,0.0,1863.0,0.0,71.0,0.0,120.0,0.0,1210.0,0.0,891.0,0.0,293.0,0.0,109.0,0.0,317.0,0.0,165.0,1.0,737.0,0.0,25.0,0.0,591.0,0.0,11.0,0.0,4.0,0.0,88.0,0.0,58.0,0.0,23.0,0.0,47.0,0.0,51.0,0.0,78.0,0.0,38.0,0.0,185.0,0.0,15.0,0.0,85.0,0.0,63.0,0.0,121.0,0.0,3.0,0.0,308.0,0.0,342.0,0.0,144.0,0.0,384.0,0.0,450.0,0.0,169.0,0.0,26.0,0.0,20.0,0.0,150.0
PDD-7,0,0.0,311.0,0.0,83.0,0.0,256.0,0.0,289.0,0.0,416.0,0.0,205.0,0.0,216.0,1.0,1240.0,1.0,255.0,0.0,512.0,0.0,386.0,0.0,54.0,0.0,21.0,0.0,197.0,0.0,26.0,0.0,46.0,0.0,428.0,0.0,515.0,0.0,399.0,0.0,28.0,0.0,23.0,1.0,1280.0,0.0,171.0,0.0,88.0,0.0,352.0,0.0,64.0,0.0,4.0,0.0,1157.0,0.0,1193.0,0.0,107.0,0.0,299.0,0.0,349.0,0.0,549.0,0.0,134.0,0.0,40.0,0.0,545.0
PDD-70,0,0.0,25.0,0.0,11.0,0.0,563.0,0.0,550.0,0.0,109.0,0.0,6.0,0.0,3.0,0.0,42.0,0.0,21.0,0.0,410.0,0.0,6.0,0.0,1598.0,0.0,1.0,0.0,62.0,0.0,130.0,0.0,98.0,0.0,2.0,0.0,2.0,2.0,559.0,0.0,463.0,0.0,10.0,0.0,37.0,0.0,24.0,0.0,551.0,0.0,2.0,0.0,136.0,0.0,41.0,0.0,66.0,0.0,3.0,0.0,67.0,1.0,3107.0,0.0,236.0,0.0,514.0,0.0,42.0,0.0,11.0,0.0,1038.0
PDD-71,0,0.0,32.0,0.0,78.0,0.0,57.0,0.0,75.0,0.0,168.0,0.0,21.0,0.0,261.0,0.0,71.0,1.0,550.0,0.0,651.0,0.0,345.0,1.0,223.0,0.0,78.0,0.0,1.0,0.0,228.0,2.0,410.0,0.0,215.0,0.0,266.0,0.0,271.0,0.0,7.0,0.0,168.0,0.0,64.0,0.0,43.0,0.0,498.0,0.0,3.0,0.0,41.0,0.0,8.0,0.0,44.0,3.0,42.0,1.0,831.0,0.0,292.0,0.0,846.0,0.0,285.0,0.0,91.0,0.0,149.0,0.0,3470.0
PDD-72,0,0.0,287.0,0.0,116.0,0.0,7.0,0.0,879.0,0.0,1119.0,0.0,184.0,0.0,147.0,0.0,27.0,0.0,110.0,0.0,218.0,1.0,578.0,1.0,756.0,0.0,65.0,0.0,25.0,0.0,17.0,0.0,454.0,0.0,34.0,0.0,61.0,0.0,507.0,0.0,6.0,0.0,3.0,0.0,179.0,0.0,169.0,0.0,7.0,0.0,41.0,0.0,1.0,0.0,426.0,0.0,244.0,1.0,1111.0,0.0,360.0,0.0,237.0,0.0,111.0,0.0,122.0,0.0,73.0,0.0,100.0,0.0,300.0
PDD-73,0,0.0,332.0,0.0,80.0,0.0,48.0,0.0,211.0,0.0,215.0,0.0,81.0,0.0,35.0,0.0,64.0,0.0,28.0,0.0,827.0,1.0,506.0,0.0,632.0,0.0,433.0,0.0,95.0,0.0,13.0,0.0,104.0,0.0,80.0,0.0,20.0,0.0,22.0,0.0,168.0,0.0,74.0,0.0,82.0,0.0,6.0,0.0,16.0,0.0,0.0,0.0,50.0,0.0,18.0,0.0,25.0,0.0,9.0,0.0,79.0,1.0,688.0,0.0,291.0,0.0,6.0,0.0,333.0,0.0,109.0,0.0,270.0
PDD-74,0,0.0,15.0,0.0,202.0,0.0,163.0,0.0,103.0,0.0,71.0,0.0,39.0,1.0,32.0,0.0,84.0,0.0,185.0,0.0,34.0,0.0,61.0,1.0,3343.0,0.0,138.0,0.0,147.0,1.0,49.0,0.0,88.0,0.0,62.0,0.0,58.0,0.0,60.0,0.0,330.0,0.0,53.0,0.0,130.0,0.0,21.0,0.0,201.0,0.0,13.0,0.0,17.0,0.0,40.0,0.0,480.0,0.0,166.0,0.0,177.0,0.0,63.0,0.0,33.0,0.0,21.0,0.0,514.0,0.0,447.0,0.0,2506.0
PDD-75,0,0.0,58.0,0.0,39.0,0.0,99.0,0.0,10.0,0.0,272.0,0.0,23.0,0.0,53.0,0.0,96.0,2.0,1094.0,1.0,659.0,0.0,41.0,0.0,28.0,1.0,3612.0,0.0,34.0,0.0,222.0,0.0,26.0,0.0,58.0,0.0,16.0,0.0,171.0,0.0,122.0,0.0,0.0,0.0,12.0,0.0,0.0,0.0,2.0,0.0,12.0,0.0,452.0,0.0,616.0,0.0,55.0,0.0,21.0,0.0,7.0,0.0,14.0,0.0,621.0,0.0,209.0,0.0,78.0,0.0,251.0,0.0,89.0
PDD-76,0,0.0,37.0,0.0,1.0,0.0,118.0,0.0,26.0,0.0,1754.0,0.0,112.0,0.0,24.0,0.0,103.0,0.0,113.0,0.0,849.0,0.0,83.0,0.0,664.0,0.0,30.0,0.0,176.0,0.0,15.0,0.0,81.0,0.0,255.0,0.0,228.0,0.0,119.0,0.0,33.0,0.0,3.0,0.0,264.0,0.0,23.0,0.0,499.0,0.0,9.0,0.0,609.0,0.0,15.0,1.0,320.0,0.0,34.0,0.0,93.0,1.0,102.0,0.0,29.0,0.0,51.0,0.0,20.0,0.0,84.0,0.0,352.0
PDD-77,0,0.0,15.0,0.0,7.0,0.0,385.0,0.0,5.0,0.0,128.0,0.0,84.0,0.0,23.0,0.0,681.0,1.0,119.0,0.0,59.0,0.0,109.0,0.0,29.0,0.0,173.0,0.0,10.0,0.0,284.0,0.0,11.0,0.0,17.0,0.0,33.0,0.0,5.0,0.0,34.0,0.0,59.0,0.0,424.0,0.0,22.0,0.0,100.0,0.0,103.0,0.0,120.0,0.0,783.0,0.0,11.0,0.0,43.0,0.0,13.0,0.0,753.0,2.0,241.0,0.0,83.0,0.0,184.0,0.0,114.0,0.0,85.0
PDD-78,0,0.0,20.0,0.0,246.0,0.0,24.0,0.0,34.0,0.0,866.0,0.0,679.0,0.0,397.0,0.0,20.0,0.0,167.0,0.0,1279.0,0.0,68.0,0.0,23.0,0.0,26.0,0.0,35.0,0.0,36.0,0.0,67.0,0.0,39.0,0.0,5.0,0.0,118.0,0.0,205.0,0.0,131.0,0.0,118.0,0.0,12.0,0.0,369.0,0.0,16.0,0.0,249.0,0.0,3.0,0.0,199.0,0.0,231.0,0.0,44.0,0.0,550.0,0.0,572.0,0.0,438.0,0.0,234.0,0.0,316.0,0.0,205.0
PDD-79,0,0.0,86.0,0.0,31.0,0.0,22.0,0.0,2088.0,0.0,1078.0,0.0,6.0,0.0,84.0,0.0,248.0,0.0,34.0,0.0,1737.0,0.0,44.0,0.0,1330.0,0.0,23.0,0.0,7.0,0.0,573.0,0.0,193.0,0.0,256.0,0.0,207.0,0.0,75.0,0.0,6.0,0.0,5.0,0.0,2003.0,0.0,15.0,0.0,62.0,0.0,10.0,0.0,841.0,0.0,45.0,0.0,183.0,0.0,38.0,0.0,684.0,0.0,3121.0,0.0,325.0,0.0,396.0,0.0,210.0,0.0,163.0,0.0,1879.0
PDD-8,0,0.0,99.0,0.0,40.0,0.0,48.0,0.0,1130.0,0.0,904.0,0.0,91.0,1.0,110.0,0.0,659.0,0.0,34.0,0.0,226.0,0.0,59.0,0.0,18.0,0.0,655.0,0.0,28.0,0.0,534.0,0.0,179.0,0.0,79.0,0.0,28.0,0.0,19.0,0.0,109.0,0.0,42.0,0.0,469.0,0.0,20.0,0.0,107.0,0.0,91.0,0.0,135.0,0.0,21.0,0.0,112.0,1.0,633.0,0.0,376.0,0.0,276.0,0.0,54.0,0.0,34.0,0.0,489.0,0.0,329.0,0.0,2191.0
PDD-80,0,0.0,269.0,0.0,93.0,0.0,285.0,0.0,168.0,0.0,1446.0,0.0,16.0,0.0,115.0,0.0,109.0,0.0,202.0,0.0,192.0,1.0,1119.0,0.0,1027.0,0.0,9.0,0.0,16.0,0.0,101.0,0.0,53.0,0.0,44.0,0.0,38.0,0.0,54.0,0.0,224.0,0.0,50.0,0.0,169.0,0.0,195.0,0.0,671.0,0.0,53.0,0.0,126.0,0.0,236.0,0.0,361.0,0.0,276.0,0.0,221.0,0.0,172.0,0.0,164.0,0.0,631.0,0.0,462.0,0.0,273.0,0.0,139.0
PDD-81,0,0.0,25.0,0.0,77.0,0.0,596.0,0.0,470.0,0.0,41.0,0.0,36.0,0.0,33.0,0.0,307.0,1.0,117.0,0.0,255.0,0.0,166.0,2.0,4357.0,1.0,442.0,0.0,47.0,0.0,8.0,0.0,208.0,0.0,45.0,0.0,29.0,0.0,110.0,0.0,174.0,0.0,9.0,0.0,1072.0,0.0,44.0,0.0,7.0,0.0,10.0,0.0,66.0,0.0,179.0,0.0,58.0,0.0,63.0,0.0,249.0,0.0,140.0,0.0,209.0,0.0,196.0,0.0,206.0,0.0,111.0,0.0,214.0
PDD-82,0,0.0,408.0,0.0,121.0,1.0,101.0,0.0,76.0,0.0,99.0,0.0,93.0,0.0,8.0,0.0,461.0,0.0,129.0,0.0,337.0,0.0,80.0,0.0,374.0,1.0,271.0,0.0,38.0,1.0,724.0,0.0,142.0,0.0,150.0,0.0,111.0,0.0,497.0,0.0,247.0,0.0,59.0,0.0,27.0,0.0,11.0,0.0,71.0,0.0,4.0,0.0,14.0,0.0,1.0,0.0,88.0,1.0,142.0,0.0,56.0,0.0,19.0,0.0,853.0,0.0,33.0,0.0,41.0,0.0,39.0,1.0,1771.0
PDD-83,0,0.0,22.0,0.0,957.0,0.0,67.0,0.0,342.0,0.0,802.0,0.0,559.0,0.0,35.0,0.0,264.0,1.0,705.0,0.0,682.0,0.0,180.0,0.0,110.0,0.0,96.0,0.0,34.0,0.0,416.0,0.0,13.0,0.0,117.0,0.0,81.0,0.0,5.0,0.0,22.0,0.0,76.0,0.0,317.0,0.0,47.0,0.0,140.0,0.0,4.0,0.0,24.0,0.0,3.0,0.0,373.0,0.0,8.0,0.0,8.0,0.0,198.0,0.0,458.0,0.0,516.0,0.0,69.0,0.0,159.0,0.0,305.0
PDD-84,0,1.0,219.0,0.0,280.0,0.0,23.0,0.0,538.0,2.0,233.0,0.0,2.0,0.0,97.0,0.0,118.0,0.0,30.0,0.0,344.0,0.0,70.0,0.0,1213.0,0.0,32.0,0.0,200.0,0.0,254.0,0.0,1.0,0.0,164.0,0.0,177.0,0.0,105.0,0.0,299.0,0.0,43.0,0.0,368.0,0.0,21.0,0.0,29.0,0.0,26.0,0.0,84.0,0.0,434.0,0.0,67.0,0.0,597.0,1.0,80.0,0.0,287.0,0.0,55.0,0.0,423.0,0.0,304.0,0.0,147.0,0.0,88.0
PDD-85,0,0.0,39.0,0.0,24.0,0.0,242.0,0.0,466.0,0.0,33.0,0.0,234.0,0.0,112.0,0.0,189.0,0.0,256.0,0.0,246.0,0.0,18.0,0.0,352.0,0.0,54.0,0.0,2.0,0.0,31.0,0.0,23.0,0.0,42.0,0.0,85.0,0.0,68.0,0.0,49.0,0.0,31.0,0.0,158.0,0.0,0.0,0.0,360.0,0.0,232.0,0.0,5.0,0.0,808.0,0.0,10.0,1.0,118.0,0.0,8.0,0.0,31.0,0.0,34.0,1.0,2382.0,0.0,284.0,0.0,521.0,0.0,424.0
PDD-86,0,0.0,153.0,0.0,449.0,0.0,1359.0,0.0,814.0,0.0,4.0,0.0,60.0,0.0,11.0,0.0,734.0,0.0,483.0,1.0,3223.0,0.0,4.0,0.0,373.0,0.0,598.0,0.0,41.0,0.0,134.0,0.0,217.0,0.0,20.0,0.0,38.0,0.0,299.0,0.0,28.0,0.0,4.0,0.0,13.0,0.0,148.0,0.0,93.0,0.0,28.0,0.0,163.0,0.0,137.0,0.0,47.0,0.0,105.0,1.0,207.0,0.0,158.0,0.0,395.0,0.0,443.0,0.0,170.0,0.0,95.0,0.0,359.0
PDD-87,0,0.0,319.0,0.0,1.0,0.0,42.0,0.0,45.0,0.0,334.0,0.0,509.0,1.0,159.0,0.0,195.0,0.0,138.0,0.0,581.0,0.0,85.0,0.0,202.0,0.0,5.0,0.0,18.0,0.0,128.0,0.0,115.0,0.0,7.0,0.0,2.0,0.0,613.0,0.0,460.0,0.0,0.0,0.0,296.0,0.0,7.0,0.0,1032.0,0.0,198.0,0.0,0.0,0.0,6.0,0.0,3.0,0.0,56.0,0.0,79.0,0.0,49.0,0.0,318.0,0.0,256.0,0.0,52.0,0.0,82.0,0.0,349.0
PDD-88,0,0.0,488.0,0.0,15.0,0.0,558.0,2.0,314.0,0.0,379.0,0.0,457.0,0.0,4.0,0.0,514.0,0.0,41.0,0.0,76.0,0.0,35.0,0.0,16.0,0.0,360.0,0.0,13.0,0.0,15.0,0.0,95.0,0.0,242.0,0.0,81.0,0.0,282.0,0.0,20.0,0.0,21.0,0.0,188.0,0.0,0.0,2.0,376.0,0.0,46.0,0.0,12.0,1.0,298.0,0.0,41.0,0.0,17.0,0.0,85.0,0.0,172.0,0.0,356.0,0.0,345.0,0.0,8.0,0.0,7.0,0.0,275.0
PDD-89,0,0.0,24.0,0.0,17.0,0.0,118.0,0.0,660.0,0.0,16.0,0.0,52.0,0.0,262.0,0.0,146.0,0.0,0.0,0.0,47.0,0.0,136.0,0.0,281.0,0.0,48.0,0.0,361.0,0.0,91.0,0.0,388.0,0.0,285.0,0.0,254.0,0.0,365.0,0.0,135.0,0.0,0.0,0.0,69.0,0.0,2.0,0.0,29.0,0.0,41.0,0.0,25.0,0.0,90.0,0.0,18.0,0.0,95.0,0.0,101.0,0.0,9.0,0.0,164.0,0.0,246.0,0.0,88.0,0.0,48.0,0.0,896.0
PDD-9,0,0.0,1102.0,0.0,397.0,0.0,151.0,1.0,251.0,0.0,295.0,0.0,50.0,0.0,448.0,0.0,40.0,0.0,25.0,0.0,615.0,0.0,80.0,0.0,236.0,0.0,105.0,0.0,140.0,0.0,319.0,0.0,8.0,0.0,275.0,0.0,238.0,0.0,58.0,0.0,39.0,0.0,96.0,0.0,357.0,0.0,68.0,0.0,1624.0,0.0,143.0,0.0,94.0,0.0,229.0,0.0,131.0,1.0,317.0,0.0,83.0,0.0,311.0,0.0,657.0,0.0,54.0,0.0,143.0,0.0,169.0,0.0,1223.0
PDD-90,0,0.0,164.0,0.0,43.0,0.0,188.0,0.0,115.0,0.0,9.0,0.0,60.0,0.0,262.0,0.0,38.0,6.0,2909.0,0.0,375.0,0.0,156.0,0.0,32.0,0.0,211.0,0.0,60.0,0.0,10.0,0.0,76.0,0.0,19.0,0.0,6.0,1.0,755.0,0.0,112.0,0.0,1.0,0.0,624.0,0.0,5.0,0.0,469.0,0.0,47.0,0.0,183.0,0.0,225.0,1.0,40.0,0.0,205.0,0.0,29.0,0.0,146.0,0.0,334.0,0.0,610.0,0.0,501.0,0.0,347.0,0.0,657.0
PDD-91,0,0.0,23.0,0.0,109.0,0.0,171.0,0.0,517.0,0.0,17.0,0.0,10.0,0.0,387.0,0.0,89.0,1.0,522.0,0.0,89.0,1.0,465.0,0.0,204.0,0.0,292.0,0.0,553.0,0.0,32.0,0.0,12.0,0.0,157.0,0.0,135.0,0.0,100.0,0.0,97.0,0.0,4.0,0.0,768.0,0.0,228.0,0.0,5.0,0.0,8.0,0.0,64.0,0.0,390.0,0.0,36.0,0.0,993.0,0.0,86.0,0.0,55.0,0.0,997.0,0.0,114.0,0.0,963.0,0.0,565.0,0.0,232.0
PDD-92,0,0.0,49.0,0.0,65.0,0.0,18.0,0.0,270.0,0.0,275.0,0.0,56.0,0.0,1.0,0.0,143.0,2.0,504.0,0.0,67.0,0.0,102.0,0.0,60.0,0.0,237.0,0.0,118.0,0.0,12.0,0.0,212.0,0.0,49.0,0.0,67.0,0.0,348.0,0.0,18.0,0.0,101.0,0.0,793.0,0.0,14.0,0.0,40.0,0.0,110.0,0.0,66.0,0.0,143.0,0.0,206.0,0.0,80.0,0.0,91.0,0.0,229.0,1.0,1104.0,0.0,276.0,0.0,24.0,0.0,46.0,0.0,650.0
PDD-93,0,0.0,16.0,0.0,55.0,0.0,591.0,0.0,26.0,0.0,29.0,0.0,40.0,0.0,50.0,0.0,51.0,0.0,67.0,0.0,314.0,0.0,160.0,0.0,158.0,0.0,530.0,0.0,53.0,0.0,65.0,0.0,82.0,0.0,70.0,0.0,130.0,0.0,320.0,0.0,3.0,0.0,72.0,0.0,48.0,0.0,6.0,0.0,227.0,0.0,12.0,0.0,234.0,0.0,183.0,0.0,1.0,0.0,45.0,0.0,77.0,0.0,86.0,2.0,1161.0,0.0,675.0,0.0,56.0,0.0,24.0,0.0,188.0
PDD-94,0,0.0,202.0,0.0,6.0,0.0,381.0,0.0,16.0,0.0,85.0,0.0,427.0,0.0,27.0,3.0,1589.0,0.0,16.0,0.0,414.0,0.0,2.0,0.0,784.0,0.0,73.0,0.0,265.0,0.0,10.0,2.0,570.0,0.0,27.0,0.0,7.0,0.0,11.0,0.0,40.0,0.0,23.0,0.0,26.0,0.0,65.0,0.0,84.0,0.0,20.0,0.0,34.0,1.0,887.0,0.0,76.0,0.0,79.0,0.0,8.0,0.0,46.0,1.0,1841.0,0.0,105.0,0.0,15.0,0.0,35.0,0.0,41.0
PDD-95,0,0.0,30.0,0.0,113.0,0.0,488.0,1.0,114.0,0.0,108.0,0.0,19.0,0.0,29.0,0.0,857.0,0.0,82.0,0.0,56.0,0.0,70.0,0.0,9.0,0.0,12.0,0.0,77.0,0.0,45.0,0.0,32.0,0.0,145.0,0.0,121.0,0.0,111.0,0.0,40.0,0.0,22.0,0.0,89.0,0.0,62.0,0.0,32.0,0.0,12.0,0.0,88.0,0.0,585.0,0.0,623.0,0.0,0.0,0.0,6.0,0.0,106.0,0.0,6.0,0.0,8.0,0.0,119.0,0.0,58.0,0.0,111.0
PDD-96,0,0.0,130.0,0.0,6.0,0.0,62.0,0.0,60.0,0.0,127.0,0.0,129.0,0.0,74.0,0.0,9.0,0.0,28.0,0.0,11.0,0.0,1.0,0.0,69.0,0.0,1.0,0.0,12.0,0.0,49.0,0.0,530.0,0.0,229.0,0.0,180.0,0.0,1928.0,0.0,169.0,0.0,9.0,0.0,5.0,0.0,29.0,0.0,113.0,0.0,7.0,0.0,0.0,0.0,7.0,0.0,50.0,0.0,29.0,0.0,83.0,0.0,362.0,0.0,44.0,0.0,124.0,0.0,42.0,0.0,33.0,0.0,760.0
